( (autor_1) OR (autor_2) OR ?(autor_853) AND ((RADIOFISICA[Affiliation] OR FISICA MEDICA[Affiliation] OR PROTECCION RADIOLOGICA[Affiliation] OR MEDICINA NUCLEAR[Affiliation] OR MEDICAL PHYS*[Affiliation] OR RADIATION PROTEC*[Affiliation]);;;;;;;;;;;;;;;;
"filtrado ""last 10 years"", Limpiada la lista de autores que no son de la SEFM";;;;;;;;;;;;;;;;
Title;URL;Description;Details;ShortDetails;;Resource;Type;Identifiers;Db;EntrezUID;Properties;fecha;;primer autor;provincia;
Correction for FDG PET dose extravasations: Monte Carlo validation and quantitative evaluation of patient studies.;/pubmed/24784399;Silva-Rodr°guez J, Aguiar P, S†nchez M, Mosquera J, Luna-Vega V, CortÇs J, Garrido M, Pombar M, Ruibal A.;"Med Phys. 2014 May;41(5):052502. doi: 10.1118/1.4870979.";Med Phys.  2014;Med Phys. ;PubMed;citation;PMID:24784399;pubmed;24784399;create date:2014/05/03 | first author:Silva-Rodr°guez J;2014/05/03;2014;Silva-Rodr°guez J;A Coru§a;ˇServicio de Medicina Nuclear, Complexo Hospitalario Universidade de Santiago de Compostela
A three-stage genome-wide association study identifies a susceptibility locus for late radiotherapy toxicity at 2q24.1.;/pubmed/24974847;Fachal L, G¢mez-Caama§o A, Barnett GC, Peleteiro P, Carballo AM, Calvo-Crespo P, Kerns SL, S†nchez-Garc°a M, Lobato-Busto R, Dorling L, Elliott RM, Dearnaley DP, Sydes MR, Hall E, Burnet NG, Carracedo µ, Rosenstein BS, West CM, Dunning AM, Vega A.;"Nat Genet. 2014 Aug;46(8):891-4. doi: 10.1038/ng.3020. Epub 2014 Jun 29.";Nat Genet.  2014;Nat Genet. ;PubMed;citation;PMID:24974847;pubmed;24974847;create date:2014/07/01 | first author:Fachal L;2014/07/01;2014;Fachal L;A Coru§a;Fundaci¢n P£blica Galega de Medicina Xen¢mica, Servizo Galego de Sa£de (SERGAS), Santiago de Compostela
Evaluating the role of mitochondrial DNA variation to the genetic predisposition to radiation-induced toxicity.;/pubmed/24746576;Fachal L, Mosquera-Miguel A, G¢mez-Caama§o A, S†nchez-Garc°a M, Calvo P, Lobato-Busto R, Salas A, Vega A.;"Radiother Oncol. 2014 May;111(2):199-205. doi: 10.1016/j.radonc.2014.03.012. Epub 2014 Apr 17.";Radiother Oncol.  2014;Radiother Oncol. ;PubMed;citation;PMID:24746576;pubmed;24746576;create date:2014/04/22 | first author:Fachal L;2014/04/22;2014;Fachal L;A Coru§a;Fundaci¢n P£blica Galega de Medicina Xen¢mica-SERGAS, Grupo de Medicina Xen¢mica, CIBERER, IDIS, Santiago de Compostela
Analytical, experimental, and Monte Carlo system response matrix for pinhole SPECT reconstruction.;/pubmed/24593739;Aguiar P, Pino F, Silva-Rodr°guez J, Pav°a J, Ros D, Ruibal A, El Bitar Z.;"Med Phys. 2014 Mar;41(3):032501. doi: 10.1118/1.4866380.";Med Phys.  2014;Med Phys. ;PubMed;citation;PMID:24593739;pubmed;24593739;create date:2014/03/07 | first author:Aguiar P;2014/03/07;2014;Aguiar P;A Coru§a;Grupo de Imaxe Molecular, IDIS, Santiago de Compostela
How air influences radiation dose deposition in multiwell culture plates: a Monte Carlo simulation of radiation geometry.;/pubmed/24722683;Sabater S, Berenguer R, Honrubia-Gomez P, Rivera M, Nu§ez A, Jimenez-Jimenez E, Martos A, Ramirez-Castillejo C.;"J Radiat Res. 2014 Sep;55(5):1009-14. doi: 10.1093/jrr/rru022. Epub 2014 Apr 10.";J Radiat Res.  2014;J Radiat Res. ;PubMed;citation;PMID:24722683;pubmed;24722683;create date:2014/04/12 | first author:Sabater S;2014/04/12;2014;Sabater S;Albacete;Complejo Hospitalario Universitario de Albacete
[PET and SPECT in epilepsy].;/pubmed/24565567;Setoain X, Carre§o M, Pav°a J, Mart°-Fuster B, Campos F, Lome§a F.;"Rev Esp Med Nucl Imagen Mol. 2014 May-Jun;33(3):165-74. doi: 10.1016/j.remn.2014.01.001. Epub 2014 Feb 22. Spanish. ";Rev Esp Med Nucl Imagen Mol.  2014;Rev Esp Med Nucl Imagen Mol. ;PubMed;citation;PMID:24565567;pubmed;24565567;create date:2014/02/26 | first author:Setoain X;2014/02/26;2014;Setoain X;Barcelona;Hospital Cl°nic de Barcelona
Multicentre validation of IMRT pre-treatment verification: Comparison of in-house and external audit.;/pubmed/25064472;Jornet N, Carrasco P, Beltr†n M, Calvo JF, EscudÇ L, Hern†ndez V, Quera J, S†ez J.;Radiother Oncol. 2014 Jul 23. doi:pii: S0167-8140(14)00284-9.  10.1016/j.radonc.2014.06.016. [Epub ahead of print];Radiother Oncol.  2014;Radiother Oncol. ;PubMed;citation;PMID:25064472;pubmed;25064472;create date:2014/07/30 | first author:Jornet N;2014/07/30;2014;Jornet N;Barcelona;Hospital de la Santa Creu i Sant Pau, Barcelona
Standardization and quantification in FDG-PET/CT imaging for staging and restaging of malignant disease.;/pubmed/25030277;G†mez-Cenzano C, Pino-Sorroche F.;"PET Clin. 2014 Apr;9(2):117-27. doi: 10.1016/j.cpet.2013.10.003. Epub 2013 Dec 5.";PET Clin.  2014;PET Clin. ;PubMed;citation;PMID:25030277;pubmed;25030277;create date:2014/07/18 | first author:G†mez-Cenzano C;2014/07/18;2014;G†mez-Cenzano C;Barcelona;Hospital Universitari de Bellvitge-IDIBELL, Av. Feixa Llarga, s/n, L'Hospitalet de Llobregat, Barcelona
Detection of ICD Electrode Infection using (18)F-fluorodeoxyglucose Positron Emission Tomography-computed Tomography.;/pubmed/25150367;Moragas M, S†nchez R, Soler M, Puig Cozar M, Riera E, Garc°a JR.;Rev Esp Cardiol. 2014 Aug 20. doi:pii: S0300-8932(14)00358-3.  10.1016/j.recesp.2014.06.006. [Epub ahead of print] English, Spanish.  No abstract available. ;Rev Esp Cardiol.  2014;Rev Esp Cardiol. ;PubMed;citation;PMID:25150367;pubmed;25150367;create date:2014/08/26 | first author:Moragas M;2014/08/26;2014;Moragas M;Barcelona;Unidad PET-CETIR, Esplugues de Llobregat, Barcelona
On the suitability of ultrathin detectors for absorbed dose assessment in the presence of high-density heterogeneities.;/pubmed/25086520;Bueno M, Carrasco P, Jornet N, Mu§oz-Montplet C, Duch MA.;"Med Phys. 2014 Aug;41(8):081710. doi: 10.1118/1.4886760.";Med Phys.  2014;Med Phys. ;PubMed;citation;PMID:25086520;pubmed;25086520;create date:2014/08/05 | first author:Bueno M;2014/08/05;2014;Bueno M;Barcelona;Universitat Politäcnica de Catalunya, 08028 Barcelona
A method for multichannel dosimetry with EBT3 radiochromic films.;/pubmed/24877828;PÇrez Azor°n JF, Ramos Garc°a LI, Mart°-Climent JM.;"Med Phys. 2014 Jun;41(6):062101. doi: 10.1118/1.4871622.";Med Phys.  2014;Med Phys. ;PubMed;citation;PMID:24877828;pubmed;24877828;create date:2014/06/01 | first author:PÇrez Azor°n JF;2014/06/01;2014;PÇrez Azor°n JF;Bizkaia;Hospital Universitario de Cruces, Department of Medical Physics, Plz. Cruces s/n, Barakaldo
Methods to correct dose-volume histograms based on LQ formalism.;/pubmed/24877845;Pizarro F, Hern†ndez A.;"Med Phys. 2014 Jun;41(6):067101. doi: 10.1118/1.4876718. No abstract available. ";Med Phys.  2014;Med Phys. ;PubMed;citation;PMID:24877845;pubmed;24877845;create date:2014/06/01 | first author:Pizarro F;2014/06/01;2014;Pizarro F;Burgos;Hospital Universitario de Burgos
In vivo dosimetry in intraoperative electron radiotherapy : microMOSFETs, radiochromic films and a general-purpose linac.;/pubmed/24965479;L¢pez-Tarjuelo J, BouchÇ-Babiloni A, Morillo-Mac°as V, de Marco-Blancas N, Santos-Serra A, Quir¢s-Higueras JD, Ferrer-Albiach C.;Strahlenther Onkol. 2014 Jun 26. [Epub ahead of print];Strahlenther Onkol.  2014;Strahlenther Onkol. ;PubMed;citation;PMID:24965479;pubmed;24965479;create date:2014/06/27 | first author:L¢pez-Tarjuelo J;2014/06/27;2014;L¢pez-Tarjuelo J;Castell¢n;Consorcio Hospitalario Provincial de Castell¢n
Quality indexes based on water measurements for low and medium energy x-ray beams: a theoretical study with PENELOPE.;/pubmed/24387519;Chica U, Anguiano M, Vilches M, Lallena AM.;"Med Phys. 2014 Jan;41(1):012101. doi: 10.1118/1.4836556.";Med Phys.  2014;Med Phys. ;PubMed;citation;PMID:24387519;pubmed;24387519;create date:2014/01/07 | first author:Chica U;2014/01/07;2014;Chica U;Granada;Departamento de Fi?sica Ato?mica, Molecular y Nuclear, Universidad de Granada
A method to relate StarTrack(©) measurements to R(50) variations in clinical linacs.;/pubmed/24735905;de la Vega JM, Ruiz-Arrebola S, Tornero-L¢pez AM, Vilches M, Guerrero R, Guirado D, Lallena AM.;Phys Med. 2014 Apr 12. doi:pii: S1120-1797(14)00051-9.  10.1016/j.ejmp.2014.03.007. [Epub ahead of print];Phys Med.  2014;Phys Med. ;PubMed;citation;PMID:24735905;pubmed;24735905;create date:2014/04/17 | first author:de la Vega JM;2014/04/17;2014;de la Vega JM;Granada;"Hosp. Univ. ""San Cecilio"", Avda Dr. Ol¢riz, 16, E-18012 Granada"
Dosimetric characterization of the (60)Co BEBIG Co0.A86 high dose rate brachytherapy source using PENELOPE.;/pubmed/25047841;Guerrero R, Almansa JF, Torres J, Lallena AM.;Phys Med. 2014 Jul 18. doi:pii: S1120-1797(14)00143-4.  10.1016/j.ejmp.2014.06.039. [Epub ahead of print];Phys Med.  2014;Phys Med. ;PubMed;citation;PMID:25047841;pubmed;25047841;create date:2014/07/23 | first author:Guerrero R;2014/07/23;2014;Guerrero R;Granada;Hospital Universitario San Cecilio, E-18012 Granada
Salvage radiosurgery for selected patients with recurrent malignant gliomas.;/pubmed/24895599;Mart°nez-Carrillo M, Tovar-Mart°n I, Zurita-Herrera M, Del Moral-µvila R, Guerrero-Tejada R, Saura-Rojas E, Osorio-Ceballos JL, Arrebola-Moreno JP, Exp¢sito-Hern†ndez J.;"Biomed Res Int. 2014;2014:657953. doi: 10.1155/2014/657953. Epub 2014 May 7.";Biomed Res Int.  2014;Biomed Res Int. ;PubMed;citation;PMID:24895599 | PMCID:PMC4033521;pubmed;24895599;create date:2014/06/05 | first author:Mart°nez-Carrillo M;2014/06/05;2014;Mart°nez-Carrillo M;Granada;Virgen de las Nieves University Hospital, 18014 Granada
Brachytherapy structural shielding calculations using Monte Carlo generated, monoenergetic data.;/pubmed/24694161;Zourari K, Peppa V, Ballester F, Siebert FA, Papagiannis P.;"Med Phys. 2014 Apr;41(4):043901. doi: 10.1118/1.4868456.";Med Phys.  2014;Med Phys. ;PubMed;citation;PMID:24694161;pubmed;24694161;create date:2014/04/04 | first author:Zourari K;2014/04/04;2014;Zourari K;Grecia;Medical School, University of Athens
National radon programmes and policies: the RADPAR recommendations.;/pubmed/24748489;Bochicchio F, Hulka J, Ringer W, Rovensk† K, Fojtikova I, Venoso G, Bradley EJ, Fenton D, Gruson M, Arvela H, Holmgren O, Quindos L, McLaughlin J, Collignan B, Gray A, Grosche B, Jiranek M, Kalimeri K, Kephalopoulos S, Kreuzer M, Schlesinger D, Zeeb H, et al.;"Radiat Prot Dosimetry. 2014 Jul;160(1-3):14-7. doi: 10.1093/rpd/ncu099. Epub 2014 Apr 19.";Radiat Prot Dosimetry.  2014;Radiat Prot Dosimetry. ;PubMed;citation;PMID:24748489;pubmed;24748489;create date:2014/04/22 | first author:Bochicchio F;2014/04/22;2014;Bochicchio F;Italia;Italian National Institute of Health (ISS), Rome, Italy
[PET-CT with (18)F-FDG in the diagnosis of Takayasu's arteritis and the assessment of response to therapy].;/pubmed/24950891;Cabrera A, Caicedo AL, Elena A, Garrastachu MP, Ca§ete F, Ram°rez R.;"Rev Esp Med Nucl Imagen Mol. 2014 Sep-Oct;33(5):302-5. doi: 10.1016/j.remn.2013.11.006. Epub 2014 Jun 18. Spanish. ";Rev Esp Med Nucl Imagen Mol.  2014;Rev Esp Med Nucl Imagen Mol. ;PubMed;citation;PMID:24950891;pubmed;24950891;create date:2014/06/22 | first author:Cabrera A;2014/06/22;2014;Cabrera A;Logro§o;Hospital de San Pedro, Logro§o
MEASUREMENTS OF EYE LENS DOSES IN INTERVENTIONAL CARDIOLOGY USING OSL AND ELECTRONIC DOSEMETERS.;/pubmed/24464819;Sanchez RM, Vano E, Fernandez JM, Ginjaume M, Duch MA.;Radiat Prot Dosimetry. 2014 Jan 23. [Epub ahead of print];Radiat Prot Dosimetry.  2014;Radiat Prot Dosimetry. ;PubMed;citation;PMID:24464819;pubmed;24464819;create date:2014/01/28 | first author:Sanchez RM;2014/01/28;2014;Sanchez RM;Madrid;Hospital Cl°nico San Carlos, Instituto de Investigaci¢n Sanitaria del Hospital Cl°nico San Carlos, Madrid
Initial results from a national follow-up program to monitor radiation doses for patients in interventional cardiology.;/pubmed/24774270;"S†nchez RM, Vano E, Fern†ndez JM, Escaned J, Goicolea J, PifarrÇ X; DOCCACI Group.";"Rev Esp Cardiol (Engl Ed). 2014 Jan;67(1):63-5. doi: 10.1016/j.rec.2013.06.012. Epub 2013 Oct 23. No abstract available. ";Rev Esp Cardiol (Engl Ed).  2014;Rev Esp Cardiol (Engl Ed). ;PubMed;citation;PMID:24774270;pubmed;24774270;create date:2014/04/30 | first author:S†nchez RM;2014/04/30;2014;S†nchez RM;Madrid;Hospital Cl°nico San Carlos, Instituto de Investigaci¢n Sanitaria del Hospital Cl°nico San Carlos, Madrid
The influence of respiratory motion on CT image volume definition.;/pubmed/24694121;Rodr°guez-Romero R, Castro-Tejero P.;"Med Phys. 2014 Apr;41(4):041701. doi: 10.1118/1.4866889.";Med Phys.  2014;Med Phys. ;PubMed;citation;PMID:24694121;pubmed;24694121;create date:2014/04/04 | first author:Rodr°guez-Romero R;2014/04/04;2014;Rodr°guez-Romero R;Madrid;Hospital Universitario Puerta de Hierro Majadahonda
[Target volume segmentation of PET images by an iterative method based on threshold value.];/pubmed/24703996;Castro P, Huerga C, Glar°a LA, Plaza R, Rodado S, Mar°n MD, Ma§as A, Serrada A, N£§ez L.;Rev Esp Med Nucl Imagen Mol. 2014 Apr 3. doi:pii: S2253-654X(14)00067-5.  10.1016/j.remn.2014.02.007. [Epub ahead of print] Spanish. ;Rev Esp Med Nucl Imagen Mol.  2014;Rev Esp Med Nucl Imagen Mol. ;PubMed;citation;PMID:24703996;pubmed;24703996;create date:2014/04/08 | first author:Castro P;2014/04/08;2014;Castro P;Madrid;Hospital Universitario Puerta de Hierro-Majadahonda
Initial evaluation of intrafraction motion using frameless CyberKnife VSI system.;/pubmed/24416549;Floriano A, Santa-Olalla I, Sanchez-Reyes A.;"Rep Pract Oncol Radiother. 2013;18(3):173-8. doi: 10.1016/j.rpor.2013.03.004.";Rep Pract Oncol Radiother.  2013;Rep Pract Oncol Radiother. ;PubMed;citation;PMID:24416549 | PMCID:PMC3863196;pubmed;24416549;create date:2014/01/15 | first author:Floriano A;2014/01/15;2014;Floriano A;Madrid;IMO Group Radiotherapy and Robotic Radiosurgery Center, Madrid
Brain radiation doses to patients in an interventional neuroradiology laboratory.;/pubmed/24627454;Sanchez RM, Vano E, Fern†ndez JM, Moreu M, Lopez-Ibor L.;"AJNR Am J Neuroradiol. 2014 Jul;35(7):1276-80. doi: 10.3174/ajnr.A3884. Epub 2014 Mar 13.";AJNR Am J Neuroradiol.  2014;AJNR Am J Neuroradiol. ;PubMed;citation;PMID:24627454;pubmed;24627454;create date:2014/03/15 | first author:Sanchez RM;2014/03/15;2014;Sanchez RM;Madrid;Universidad Complutense de Madrid, Medicine Faculty, Madrid
Application of spherical diodes for megavoltage photon beams dosimetry.;/pubmed/24387520;BarbÇs B, Azcona JD, Burguete J, Mart°-Climent JM.;"Med Phys. 2014 Jan;41(1):012102. doi: 10.1118/1.4837178.";Med Phys.  2014;Med Phys. ;PubMed;citation;PMID:24387520;pubmed;24387520;create date:2014/01/07 | first author:BarbÇs B;2014/01/07;2014;BarbÇs B;Navarra;Cli?nica Universidad de Navarra
[(18)F]fluorothymidine-positron emission tomography in patients with locally advanced breast cancer under bevacizumab treatment: Usefulness of different quantitative methods of tumor proliferation.;/pubmed/25066253;Marti-Climent JM, Dominguez-Prado I, Garcia-Velloso MJ, Boni V, Pe§uelas I, Toledo I, Richter JA.;"Rev Esp Med Nucl Imagen Mol. 2014 Sep-Oct;33(5):280-5. doi: 10.1016/j.remn.2014.01.007. Epub 2014 Jul 23.";Rev Esp Med Nucl Imagen Mol.  2014;Rev Esp Med Nucl Imagen Mol. ;PubMed;citation;PMID:25066253;pubmed;25066253;create date:2014/07/30 | first author:Marti-Climent JM;2014/07/30;2014;Marti-Climent JM;Navarra;Cl°nica Universidad de Navarra, Pamplona
Magnetic nanoparticle-based hyperthermia for cancer treatment.;/pubmed/24416585;Ba§obre-L¢pez M, Teijeiro A, Rivas J.;"Rep Pract Oncol Radiother. 2013 Nov 1;18(6):397-400. doi: 10.1016/j.rpor.2013.09.011. Review.";Rep Pract Oncol Radiother.  2013;Rep Pract Oncol Radiother. ;PubMed;citation;PMID:24416585 | PMCID:PMC3863197;pubmed;24416585;create date:2014/01/15 | first author:Ba§obre-L¢pez M;2014/01/15;2014;Ba§obre-L¢pez M;Portugal;International Iberian Nanotechnology Laboratory (INL), 4715-330 Av. MestreJosÇ Veiga, Braga
Summing-coincidence corrections with Geant4 in routine measurements by ? spectrometry of environmental samples.;/pubmed/24444698;Quintana B, Montes C.;"Appl Radiat Isot. 2014 May;87:390-3. doi: 10.1016/j.apradiso.2013.11.067. Epub 2013 Nov 27.";Appl Radiat Isot.  2014;Appl Radiat Isot. ;PubMed;citation;PMID:24444698;pubmed;24444698;create date:2014/01/22 | first author:Quintana B;2014/01/22;2014;Quintana B;Salamanca;Department of Fundamental Physics, University of Salamanca
Functional imaging in radiation therapy planning for head and neck cancer.;/pubmed/24416582;PÇrez Romasanta LA, Garc°a Velloso MJ, L¢pez Medina A.;"Rep Pract Oncol Radiother. 2013 Nov 9;18(6):376-82. doi: 10.1016/j.rpor.2013.10.007. Review.";Rep Pract Oncol Radiother.  2013;Rep Pract Oncol Radiother. ;PubMed;citation;PMID:24416582 | PMCID:PMC3863200;pubmed;24416582;create date:2014/01/15 | first author:PÇrez Romasanta LA;2014/01/15;2014;PÇrez Romasanta LA;Salamanca;Hospital Universitario de Salamanca
[Sentinel node biopsy after neoadjuvant chemotherapy in breast cancer. Its relation with molecular subtypes.];/pubmed/24856234;Ruano R, Ramos M, Garc°a-Talavera JR, Ramos T, Rosero AS, Gonz†lez-Orus JM, Sancho M.;Rev Esp Med Nucl Imagen Mol. 2014 May 20. doi:pii: S2253-654X(14)00089-4.  10.1016/j.remn.2014.04.003. [Epub ahead of print] Spanish. ;Rev Esp Med Nucl Imagen Mol.  2014;Rev Esp Med Nucl Imagen Mol. ;PubMed;citation;PMID:24856234;pubmed;24856234;create date:2014/05/27 | first author:Ruano R;2014/05/27;2014;Ruano R;Salamanca;Hospital Universitario de Salamanca, Salamanca
MCTP system model based on linear programming optimization of apertures obtained from sequencing patient image data maps.;/pubmed/25086529;Ureba A, Salguero FJ, Barbeiro AR, Jimenez-Ortega E, Baeza JA, Miras H, Linares R, Perucha M, Leal A.;"Med Phys. 2014 Aug;41(8):081719. doi: 10.1118/1.4890602.";Med Phys.  2014;Med Phys. ;PubMed;citation;PMID:25086529;pubmed;25086529;create date:2014/08/05 | first author:Ureba A;2014/08/05;2014;Ureba A;Sevilla;Facultad de Medicina, Universidad de Sevilla
Output correction factors for nine small field detectors in 6 MV radiation therapy photon beams: a PENELOPE Monte Carlo study.;/pubmed/24694131;Benmakhlouf H, Sempau J, Andreo P.;"Med Phys. 2014 Apr;41(4):041711. doi: 10.1118/1.4868695.";Med Phys.  2014;Med Phys. ;PubMed;citation;PMID:24694131;pubmed;24694131;create date:2014/04/04 | first author:Benmakhlouf H;2014/04/04;2014;Benmakhlouf H;Suecia;Karolinska University Hospital, SE-171 76 Stockholm, Sweden
Monte Carlo simulation of TrueBeam flattening-filter-free beams using varian phase-space files: comparison with experimental data.;/pubmed/24784373;Belosi MF, Rodriguez M, Fogliata A, Cozzi L, Sempau J, Clivio A, Nicolini G, Vanetti E, Krauss H, Khamphan C, Fenoglietto P, Puxeu J, Fedele D, Mancosu P, Brualla L.;"Med Phys. 2014 May;41(5):051707. doi: 10.1118/1.4871041.";Med Phys.  2014;Med Phys. ;PubMed;citation;PMID:24784373;pubmed;24784373;create date:2014/05/03 | first author:Belosi MF;2014/05/03;2014;Belosi MF;Suiza;Oncology Institute of Southern Switzerland, Medical Physics
Development and calibration of a real-time airborne radioactivity monitor using direct gamma-ray spectrometry with two scintillation detectors.;/pubmed/24607535;Casanovas R, Morant JJ, Salvad¢ M.;"Appl Radiat Isot. 2014 Jul;89:102-8. doi: 10.1016/j.apradiso.2014.01.026. Epub 2014 Feb 12.";Appl Radiat Isot.  2014;Appl Radiat Isot. ;PubMed;citation;PMID:24607535;pubmed;24607535;create date:2014/03/13 | first author:Casanovas R;2014/03/13;2014;Casanovas R;Tarragona;Facultat de Medicina i Ciäncies de la Salut, Universitat Rovira i Virgili, ES-43201 Reus
Comparison between human and model observer performance in low-contrast detection tasks in CT images: application to images reconstructed with filtered back projection and iterative algorithms.;/pubmed/24837275;Hernandez-Giron I, Calzado A, Geleijns J, Joemai RM, Veldkamp WJ.;"Br J Radiol. 2014 Jul;87(1039):20140014. doi: 10.1259/bjr.20140014. Epub 2014 May 19.";Br J Radiol.  2014;Br J Radiol. ;PubMed;citation;PMID:24837275 | PMCID:PMC4075583;pubmed;24837275;create date:2014/05/20 | first author:Hernandez-Giron I;2014/05/20;2014;Hernandez-Giron I;Tarragona;Universitat Rovira i Virgili, Tarragona
Monitoring of the action of drugs in melanoma cells by dynamic laser speckle.;/pubmed/24828071;Gonz†lez-Pe§a RJ, Braga RA Jr, Cibri†n RM, Salvador-Palmer R, Gil-Benso R, Miguel TS.;"J Biomed Opt. 2014 May;19(5):057008. doi: 10.1117/1.JBO.19.5.057008.";J Biomed Opt.  2014;J Biomed Opt. ;PubMed;citation;PMID:24828071;pubmed;24828071;create date:2014/05/16 | first author:Gonz†lez-Pe§a RJ;2014/05/16;2014;Gonz†lez-Pe§a RJ;Valencia;Facultad de Medicina y Odontolog°a, Valencia
Sister chromatid exchange, (SCE), High-Frequency Cells (HFCs) and SCE distribution patterns in peripheral blood lymphocytes of Spanish adult smokers compared to non-smokers.;/pubmed/24444548;SebastiÖ N, Herv†s D, Almonacid M, Villaescusa JI, Soriano JM, Sahuquillo V, Esteban V, Barquinero JF, Verd£ G, Cervera J, Such E, Montoro A.;"Food Chem Toxicol. 2014 Apr;66:107-12. doi: 10.1016/j.fct.2014.01.011. Epub 2014 Jan 18.";Food Chem Toxicol.  2014;Food Chem Toxicol. ;PubMed;citation;PMID:24444548;pubmed;24444548;create date:2014/01/22 | first author:SebastiÖ N;2014/01/22;2014;SebastiÖ N;Valencia;Facultat de FarmÖcia, Universitat de Valencia
SPECT-CT finding of (99m)Tc-HMDP uptake in abdominal adenopathies in a patient with metastasic breast cancer.;/pubmed/25103143;Garc°a-Talavera P, Ruiz MA, Gonz†lez-Selma ML, Sainz-Esteban A, Cobo A, Villanueva JG, Gamazo C, Olmos R.;Rev Esp Med Nucl Imagen Mol. 2014 Aug 4. doi:pii: S2253-654X(14)00143-7.  10.1016/j.remn.2014.07.003. [Epub ahead of print] No abstract available. ;Rev Esp Med Nucl Imagen Mol.  2014;Rev Esp Med Nucl Imagen Mol. ;PubMed;citation;PMID:25103143;pubmed;25103143;create date:2014/08/12 | first author:Garc°a-Talavera P;2014/08/12;2014;Garc°a-Talavera P;Valladolid;Hospital Cl°nico Universitario de Valladolid, Valladolid
Review of clinical brachytherapy uncertainties: analysis guidelines of GEC-ESTRO and the AAPM.;/pubmed/24299968;Kirisits C, Rivard MJ, Baltas D, Ballester F, De Brabandere M, van der Laarse R, Niatsetski Y, Papagiannis P, Hellebust TP, Perez-Calatayud J, Tanderup K, Venselaar JL, Siebert FA.;"Radiother Oncol. 2014 Jan;110(1):199-212. doi: 10.1016/j.radonc.2013.11.002. Epub 2013 Nov 30.";Radiother Oncol.  2014;Radiother Oncol. ;PubMed;citation;PMID:24299968 | PMCID:PMC3969715;pubmed;24299968;create date:2013/12/05 | first author:Kirisits C;2013/12/05;2013;Kirisits C;Austria;Department of Radiotherapy, Comprehensive Cancer Center, Christian Doppler Laboratory for Medical Radiation Research for Radiation Oncology, Medical University of Vienna
Feasibility of a simple method of hybrid collimation for megavoltage grid therapy.;/pubmed/23635260;Almendral P, Mancha PJ, Roberto D.;"Med Phys. 2013 May;40(5):051712. doi: 10.1118/1.4801902.";Med Phys.  2013;Med Phys. ;PubMed;citation;PMID:23635260;pubmed;23635260;create date:2013/05/03 | first author:Almendral P;2013/05/03;2013;Almendral P;Badajoz;Hospital Infanta Cristina, 06080 Badajoz
[Utility of positron emission tomography with 18F-FDG in a case of juvenile recurrent respiratory papillomatosis].;/pubmed/23491504;Navales I, Paredes P, Cols M, Perissinotti A, Vancells M, Pons F.;"Rev Esp Med Nucl Imagen Mol. 2013 Nov-Dec;32(6):387-9. doi: 10.1016/j.remn.2012.12.005. Epub 2013 Mar 9. Spanish. ";Rev Esp Med Nucl Imagen Mol.  2013;Rev Esp Med Nucl Imagen Mol. ;PubMed;citation;PMID:23491504;pubmed;23491504;create date:2013/03/16 | first author:Navales I;2013/03/16;2013;Navales I;Barcelona;Hospital Cl°nic, Barcelona
An algorithm to assess the need for clinical Monte Carlo dose calculation for small proton therapy fields based on quantification of tissue heterogeneity.;/pubmed/23927301;Bueno M, Paganetti H, Duch MA, Schuemann J.;"Med Phys. 2013 Aug;40(8):081704. doi: 10.1118/1.4812682.";Med Phys.  2013;Med Phys. ;PubMed;citation;PMID:23927301;pubmed;23927301;create date:2013/08/10 | first author:Bueno M;2013/08/10;2013;Bueno M;Barcelona;Universitat Polite?cnica de Catalunya
Dosimetry in differentiated thyroid carcinoma (12-1402R).;/pubmed/23298113;Minguez P, Genolla J, Celeiro JJ, Fombellida JC.;"Med Phys. 2013 Jan;40(1):012502. doi: 10.1118/1.4769426.";Med Phys.  2013;Med Phys. ;PubMed;citation;PMID:23298113;pubmed;23298113;create date:2013/01/10 | first author:Minguez P;2013/01/10;2013;Minguez P;Bizkaia;ˇGurutzeta-Cruces Hospital, Gurutzeta plaza, Barakaldo
Acceptance and commissioning of a treatment planning system based on Monte Carlo calculations.;/pubmed/23862746;Lopez-Tarjuelo J, Garcia-Molla R, Juan-Senabre XJ, Quiros-Higueras JD, Santos-Serra A, de Marco-Blancas N, Calzada-Feliu S.;"Technol Cancer Res Treat. 2014 Apr;13(2):129-38. doi: 10.7785/tcrt.2012.500361. Epub 2013 Jul 11.";Technol Cancer Res Treat.  2014;Technol Cancer Res Treat. ;PubMed;citation;PMID:23862746;pubmed;23862746;create date:2013/07/19 | first author:Lopez-Tarjuelo J;2013/07/19;2013;Lopez-Tarjuelo J;Castell¢n;Consorcio Hospitalario Provincial de Castellon
Patient radiation doses in uterine artery embolisation using Monte Carlo simulation.;/pubmed/24030141;Mi§ano JA, Canis M, Rold†n JM, Sarsa A.;"Radiat Prot Dosimetry. 2014 Jan;158(2):162-9. doi: 10.1093/rpd/nct207. Epub 2013 Sep 12.";Radiat Prot Dosimetry.  2014;Radiat Prot Dosimetry. ;PubMed;citation;PMID:24030141;pubmed;24030141;create date:2013/09/14 | first author:Mi§ano JA;2013/09/14;2013;Mi§ano JA;C¢rdoba;'Reina Sof°a' Universitary Hospital, Avda. MenÇndez Pidal s/n, C¢rdobaˇ
Dependence with air density of the response of the PTW SourceCheck ionization chamber for low energy brachytherapy sources.;/pubmed/24320530;Tornero-L¢pez AM, Guirado D, Perez-Calatayud J, Ruiz-Arrebola S, Simancas F, Gazdic-Santic M, Lallena AM.;"Med Phys. 2013 Dec;40(12):122103. doi: 10.1118/1.4831757.";Med Phys.  2013;Med Phys. ;PubMed;citation;PMID:24320530;pubmed;24320530;create date:2013/12/11 | first author:Tornero-L¢pez AM;2013/12/11;2013;Tornero-L¢pez AM;Granada;Hospital Universitario San Cecilio, E-18012 Granada
Stopping power for electrons in pyrimidine in the energy range 20-3000 eV.;/pubmed/23415108;Colmenares R, Sanz AG, Fuss MC, Blanco F, Garc°a G.;"Appl Radiat Isot. 2014 Jan;83 Pt B:91-4. doi: 10.1016/j.apradiso.2013.01.025. Epub 2013 Jan 20.";Appl Radiat Isot.  2014;Appl Radiat Isot. ;PubMed;citation;PMID:23415108;pubmed;23415108;create date:2013/02/19 | first author:Colmenares R;2013/02/19;2013;Colmenares R;Madrid;ˇHospital Universitario Ram¢n y Cajal, crta. Colmenar Viejo km 7.1, 28034 Madrid
[Automatic registration of patients in digital radiology facilities: dosimetric record].;/pubmed/24246884;Ten Mor¢n JI, Va§¢ Carruana E, Arrazola Garc°a J.;"Radiologia. 2013 Dec;55 Suppl 2:35-40. doi: 10.1016/j.rx.2013.09.005. Epub 2013 Nov 16. Spanish. ";Radiologia.  2013;Radiologia. ;PubMed;citation;PMID:24246884;pubmed;24246884;create date:2013/11/20 | first author:Ten Mor¢n JI;2013/11/20;2013;Ten Mor¢n JI;Madrid;Hospital Cl°nico San Carlos
Experience with the CyberKnife for intracranial stereotactic radiosurgery: analysis of dosimetry indices.;/pubmed/24333021;Floriano A, Santa-Olalla I, Sanchez-Reyes A.;"Med Dosim. 2014 Spring;39(1):1-6. doi: 10.1016/j.meddos.2013.08.005. Epub 2013 Dec 12.";Med Dosim.  2014;Med Dosim. ;PubMed;citation;PMID:24333021;pubmed;24333021;create date:2013/12/18 | first author:Floriano A;2013/12/18;2013;Floriano A;Madrid;Madrid Institute Oncology Group, Madrid
Experience with patient dosimetry and quality control online for diagnostic and interventional radiology using DICOM services.;/pubmed/23521449;Vano E, Ten JI, Fernandez-Soto JM, Sanchez-Casanueva RM.;"AJR Am J Roentgenol. 2013 Apr;200(4):783-90. doi: 10.2214/AJR.12.10179. Review.";AJR Am J Roentgenol.  2013;AJR Am J Roentgenol. ;PubMed;citation;PMID:23521449;pubmed;23521449;create date:2013/03/26 | first author:Vano E;2013/03/26;2013;Vano E;Madrid;Universidad Complutense, Madrid
Realistic approach to estimate lens doses and cataract radiation risk in cardiology when personal dosimeters have not been regularly used.;/pubmed/23982609;Va§¢ E, Fern†ndez JM, S†nchez RM, Dauer LT.;"Health Phys. 2013 Oct;105(4):330-9. doi: 10.1097/HP.0b013e318299b5d9.";Health Phys.  2013;Health Phys. ;PubMed;citation;PMID:23982609;pubmed;23982609;create date:2013/08/29 | first author:Va§¢ E;2013/08/29;2013;Va§¢ E;Madrid;Universidad Complutense, Madrid
[Diagnostic reference levels in interventional radiology].;/pubmed/24211195;Va§¢ Carruana E, Fern†ndez Soto JM, S†nchez Casanueva RM, Ten Mor¢n JI.;"Radiologia. 2013 Dec;55 Suppl 2:17-24. doi: 10.1016/j.rx.2013.08.001. Epub 2013 Nov 8. Spanish. ";Radiologia.  2013;Radiologia. ;PubMed;citation;PMID:24211195;pubmed;24211195;create date:2013/11/12 | first author:Va§¢ Carruana E;2013/11/12;2013;Va§¢ Carruana E;Madrid;Universidad Complutense, Madrid
Establishing an optimized patient-specific verification program for volumetric modulated arc therapy.;/pubmed/23540493;Serna A, Mata F, Puchades V.;"Med Dosim. 2013 Autumn;38(3):274-9. doi: 10.1016/j.meddos.2013.02.008. Epub 2013 Mar 26.";Med Dosim.  2013;Med Dosim. ;PubMed;citation;PMID:23540493;pubmed;23540493;create date:2013/04/02 | first author:Serna A;2013/04/02;2013;Serna A;Murcia;Hospital Universitario Santa Luc°a, Cartagena
[Validation of segmentation techniques for positron emission tomography using ex-vivo images of oncological surgical specimens].;/pubmed/23953601;Prieto E, Mart°-Climent JM, G¢mez-Fern†ndez M, Garc°a-Velloso MJ, Valero M, Garrastachu P, Aristu J, Alc†zar JL, Torre W, Hern†ndez JL, Pardo FJ, Pe§uelas I, Richter JA.;"Rev Esp Med Nucl Imagen Mol. 2014 Mar-Apr;33(2):79-86. doi: 10.1016/j.remn.2013.06.010. Epub 2013 Aug 13. Spanish. ";Rev Esp Med Nucl Imagen Mol.  2014;Rev Esp Med Nucl Imagen Mol. ;PubMed;citation;PMID:23953601;pubmed;23953601;create date:2013/08/21 | first author:Prieto E;2013/08/21;2013;Prieto E;Navarra;Cli?nica Universidad de Navarra
Estimation of the total effective dose from low-dose CT scans and radiopharmaceutical administrations delivered to patients undergoing SPECT/CT explorations.;/pubmed/23568252;Montes C, Tamayo P, Hernandez J, Gomez-Caminero F, Garc°a S, Mart°n C, Rosero A.;"Ann Nucl Med. 2013 Aug;27(7):610-7. doi: 10.1007/s12149-013-0724-6. Epub 2013 Apr 9.";Ann Nucl Med.  2013;Ann Nucl Med. ;PubMed;citation;PMID:23568252;pubmed;23568252;create date:2013/04/10 | first author:Montes C;2013/04/10;2013;Montes C;Salamanca;University Hospital of Salamanca
[Elaboration of the SPM template for the standardization of SPECT images with 123I-Ioflupane].;/pubmed/23570700;Garc°a-G¢mez FJ, Garc°a-Sol°s D, Luis-Sim¢n FJ, Mar°n-Oyaga VA, Carrillo F, Mir P, V†zquez-Albertino RJ.;"Rev Esp Med Nucl Imagen Mol. 2013 Nov-Dec;32(6):350-6. doi: 10.1016/j.remn.2013.02.009. Epub 2013 Apr 6. Spanish. ";Rev Esp Med Nucl Imagen Mol.  2013;Rev Esp Med Nucl Imagen Mol. ;PubMed;citation;PMID:23570700;pubmed;23570700;create date:2013/04/11 | first author:Garc°a-G¢mez FJ;2013/04/11;2013;Garc°a-G¢mez FJ;Sevilla;Hospital Universitario Virgen del Roc°o, Sevilla
CloudMC: a cloud computing application for Monte Carlo simulation.;/pubmed/23514937;Miras H, JimÇnez R, Miras C, GomÖ C.;"Phys Med Biol. 2013 Apr 21;58(8):N125-33. doi: 10.1088/0031-9155/58/8/N125. Epub 2013 Mar 21.";Phys Med Biol.  2013;Phys Med Biol. ;PubMed;citation;PMID:23514937;pubmed;23514937;create date:2013/03/22 | first author:Miras H;2013/03/22;2013;Miras H;Sevilla;Virgen Macarena Hospital, Seville
Implementation of gamma-ray spectrometry in two real-time water monitors using NaI(Tl) scintillation detectors.;/pubmed/23827508;Casanovas R, Morant JJ, Salvad¢ M.;"Appl Radiat Isot. 2013 Oct;80:49-55. doi: 10.1016/j.apradiso.2013.06.003. Epub 2013 Jun 13.";Appl Radiat Isot.  2013;Appl Radiat Isot. ;PubMed;citation;PMID:23827508;pubmed;23827508;create date:2013/07/06 | first author:Casanovas R;2013/07/06;2013;Casanovas R;Tarragona;Facultat de Medicina i Ciäncies de la Salut, Universitat Rovira i Virgili, ES-43201 Reus
An optimized posterior axillary boost technique in radiation therapy to supraclavicular and axillary lymph nodes: a comparative study.;/pubmed/23910694;Hernandez V, Arenas M, MÅller K, Gomez D, Bonet M.;"Med Dosim. 2013 Winter;38(4):413-7. doi: 10.1016/j.meddos.2013.05.003. Epub 2013 Jul 30.";Med Dosim.  2013;Med Dosim. ;PubMed;citation;PMID:23910694;pubmed;23910694;create date:2013/08/06 | first author:Hernandez V;2013/08/06;2013;Hernandez V;Tarragona;Hospital Sant Joan de Reus
A method for accurate zero calibration of asymmetric jaws in single-isocenter half-beam techniques.;/pubmed/23387729;Hernandez V, Sempau J, Abella R, Lopez M, Perez M, Artigues M, Arenas M.;"Med Phys. 2013 Feb;40(2):021706. doi: 10.1118/1.4773314.";Med Phys.  2013;Med Phys. ;PubMed;citation;PMID:23387729;pubmed;23387729;create date:2013/02/08 | first author:Hernandez V;2013/02/08;2013;Hernandez V;Tarragona;Hospital Sant Joan de Reus
Frequency of dicentrics and contamination levels in Ukrainian children and adolescents from areas near Chernobyl 20 years after the nuclear plant accident.;/pubmed/23718157;Montoro A, SebastiÖ N, Candela-Juan C, Barquinero JF, Soriano JM, Almonacid M, Alonso O, Guasp M, Marques-Sule E, Cervera J, Such E, Arnal C, Villaescusa JI.;"Int J Radiat Biol. 2013 Nov;89(11):944-9. doi: 10.3109/09553002.2013.809172. Epub 2013 Jun 28.";Int J Radiat Biol.  2013;Int J Radiat Biol. ;PubMed;citation;PMID:23718157;pubmed;23718157;create date:2013/05/31 | first author:Montoro A;2013/05/31;2013;Montoro A;Valencia;Hospital Universitario y PolitÇcnico La Fe , Valenciaˇ
3D DVH-based metric analysis versus per-beam planar analysis in IMRT pretreatment verification.;/pubmed/22894429;Carrasco P, Jornet N, Latorre A, Eudaldo T, Ruiz A, Ribas M.;"Med Phys. 2012 Aug;39(8):5040-9. doi: 10.1118/1.4736949.";Med Phys.  2012;Med Phys. ;PubMed;citation;PMID:22894429;pubmed;22894429;create date:2012/08/17 | first author:Carrasco P;2012/08/17;2012;Carrasco P;Barcelona;Hospital de la Santa Creu i Sant Pau, Sant Antoni Maria Claret, 167, 08025 Barcelona
Implementation of a card with instructions for patients treated for thyroid carcinoma with 131I.;/pubmed/22232772;M°nguez P, Genolla J, Fombellida JC.;"Radiat Prot Dosimetry. 2012 Aug;151(1):76-80. doi: 10.1093/rpd/ncr462. Epub 2012 Jan 9.";Radiat Prot Dosimetry.  2012;Radiat Prot Dosimetry. ;PubMed;citation;PMID:22232772;pubmed;22232772;create date:2012/01/11 | first author:M°nguez P;2012/01/11;2012;M°nguez P;Bizkaia;ˇGurutzeta-Cruces Hospital, Gurutzeta plaza, Barakaldo
Restriction periods for carers, comforters and members of the public in the treatment of hyperthyroidism.;/pubmed/22929557;M°nguez P, Genolla J, Celeiro J, Fombellida JC.;"Radiat Prot Dosimetry. 2013;154(3):285-92. doi: 10.1093/rpd/ncs237. Epub 2012 Aug 28.";Radiat Prot Dosimetry.  2013;Radiat Prot Dosimetry. ;PubMed;citation;PMID:22929557;pubmed;22929557;create date:2012/08/30 | first author:M°nguez P;2012/08/30;2012;M°nguez P;Bizkaia;ˇGurutzeta-Cruces Hospital, Gurutzeta plaza, Barakaldo
Evaluation of uncertainty and detection limits in 210Pb and 210Po measurement in water by alpha spectrometry using 210Po spontaneous deposition onto a silver disk.;/pubmed/22225992;Fern†ndez PL, G¢mez J, R¢denas C.;"Appl Radiat Isot. 2012 Apr;70(4):758-64. doi: 10.1016/j.apradiso.2011.12.044. Epub 2011 Dec 29.";Appl Radiat Isot.  2012;Appl Radiat Isot. ;PubMed;citation;PMID:22225992;pubmed;22225992;create date:2012/01/10 | first author:Fern†ndez PL;2012/01/10;2012;Fern†ndez PL;Cantabria;Faculty of Medicine, University of Cantabria, 39011 Santander
A simple modification of TG-43 based brachytherapy dosimetry with improved fitting functions: application to the selectSeed source.;/pubmed/22698855;Juan-Senabre XJ, Porras I, Lallena AM.;"Phys Med. 2013 Jun;29(4):403-11. doi: 10.1016/j.ejmp.2012.05.007. Epub 2012 Jun 12.";Phys Med.  2013;Phys Med. ;PubMed;citation;PMID:22698855;pubmed;22698855;create date:2012/06/16 | first author:Juan-Senabre XJ;2012/06/16;2012;Juan-Senabre XJ;Castell¢n;Consorcio Hospitalario Provincial de Castell¢n
Measurement and correction of leaf open times in helical tomotherapy.;/pubmed/23127091;Sevillano D, Minguez C, Sanchez A, Sanchez-Reyes A.;"Med Phys. 2012 Nov;39(11):6972-80. doi: 10.1118/1.4762565.";Med Phys.  2012;Med Phys. ;PubMed;citation;PMID:23127091;pubmed;23127091;create date:2012/11/07 | first author:Sevillano D;2012/11/07;2012;Sevillano D;Madrid;ˇTomotherapy Unit, Grupo IMO, Madrid
Influence of image metrics when assessing image quality from a test object in cardiac X-ray systems: Part II.;/pubmed/22223157;Sanchez R, Vano E, Ubeda C, Fernandez JM, Balter S, Hoornaert B.;"J Digit Imaging. 2012 Aug;25(4):537-41. doi: 10.1007/s10278-011-9448-0.";J Digit Imaging.  2012;J Digit Imaging. ;PubMed;citation;PMID:22223157 | PMCID:PMC3389093;pubmed;22223157;create date:2012/01/10 | first author:Sanchez R;2012/01/10;2012;Sanchez R;Madrid;Hospital Clinico San Carlos
Staff doses in interventional radiology: a national survey.;/pubmed/22832138;S†nchez RM, Vano E, Fern†ndez JM, Rosales F, Sotil J, Carrera F, Garc°a MA, Soler MM, Hern†ndez-Armas J, Mart°nez LC, Verd£ JF.;"J Vasc Interv Radiol. 2012 Nov;23(11):1496-501. doi: 10.1016/j.jvir.2012.05.056. Epub 2012 Jul 24.";J Vasc Interv Radiol.  2012;J Vasc Interv Radiol. ;PubMed;citation;PMID:22832138;pubmed;22832138;create date:2012/07/27 | first author:S†nchez RM;2012/07/27;2012;S†nchez RM;Madrid;Hospital Cl°nico San Carlos
Sensitivity of a helical diode array device to delivery errors in IMRT treatment and establishment of tolerance level for pretreatment QA.;/pubmed/22231218;Garc°a-Vicente F, Fern†ndez V, Berm£dez R, G¢mez A, PÇrez L, Zapatero A, Torres JJ.;"J Appl Clin Med Phys. 2012 Jan 5;13(1):3660. doi: 10.1120/jacmp.v13i1.3660.";J Appl Clin Med Phys.  2012;J Appl Clin Med Phys. ;PubMed;citation;PMID:22231218;pubmed;22231218;create date:2012/01/11 | first author:Garc°a-Vicente F;2012/01/11;2012;Garc°a-Vicente F;Madrid;Hospital Universitario de La Princesa, Instituto de Investigaci¢n Sanitaria la Princesa, Madrid
Patient radiation dose management in the follow-up of potential skin injuries in neuroradiology.;/pubmed/22859286;Vano E, Fernandez JM, Sanchez RM, Martinez D, Ibor LL, Gil A, Serna-Candel C.;"AJNR Am J Neuroradiol. 2013 Feb;34(2):277-82. doi: 10.3174/ajnr.A3211. Epub 2012 Aug 2.";AJNR Am J Neuroradiol.  2013;AJNR Am J Neuroradiol. ;PubMed;citation;PMID:22859286;pubmed;22859286;create date:2012/08/04 | first author:Vano E;2012/08/04;2012;Vano E;Madrid;Universidad Complutense, Madrid
Importance of a patient dosimetry and clinical follow-up program in the detection of radiodermatitis after long percutaneous coronary interventions.;/pubmed/22532335;Vano E, Escaned J, Vano-Galvan S, Fernandez JM, Galvan C.;"Cardiovasc Intervent Radiol. 2013 Apr;36(2):330-7. doi: 10.1007/s00270-012-0397-x. Epub 2012 Apr 25.";Cardiovasc Intervent Radiol.  2013;Cardiovasc Intervent Radiol. ;PubMed;citation;PMID:22532335;pubmed;22532335;create date:2012/04/26 | first author:Vano E;2012/04/26;2012;Vano E;Madrid;Universidad Complutense, Madrid
Dosimetric validation of a redundant independent calculation software for VMAT fields.;/pubmed/22658464;Mata Colodro F, Serna Bern† A, Puchades Puchades V.;"Phys Med. 2013 Jun;29(4):341-9. doi: 10.1016/j.ejmp.2012.05.003. Epub 2012 May 30.";Phys Med.  2013;Phys Med. ;PubMed;citation;PMID:22658464;pubmed;22658464;create date:2012/06/05 | first author:Mata Colodro F;2012/06/05;2012;Mata Colodro F;Murcia;Hospital Universitario Santa Lucia, Cartagena
[Contribution of time of flight and point spread function modeling to the performance characteristics of the PET/CT Biograph mCT scanner].;/pubmed/22995150;Mart°-Climent JM, Prieto E, Dom°nguez-Prado I, Garc°a-Velloso MJ, Rodr°guez-Fraile M, Arbizu J, Vigil C, Caicedo C, Pe§uelas I, Richter JA.;"Rev Esp Med Nucl Imagen Mol. 2013 Jan;32(1):13-21. doi: 10.1016/j.remn.2012.07.001. Epub 2012 Sep 18. Spanish. ";Rev Esp Med Nucl Imagen Mol.  2013;Rev Esp Med Nucl Imagen Mol. ;PubMed;citation;PMID:22995150;pubmed;22995150;create date:2012/09/22 | first author:Mart°-Climent JM;2012/09/22;2012;Mart°-Climent JM;Navarra;Cli?nica Universidad de Navarra
Monte Carlo simulation of COMS ophthalmic applicators loaded with Bebig I25.S16 seeds and comparison with planning system predictions.;/pubmed/22858007;Miras H, Terr¢n JA, Lallena AM.;"Phys Med. 2013 Nov;29(6):670-6. doi: 10.1016/j.ejmp.2012.07.003. Epub 2012 Jul 31.";Phys Med.  2013;Phys Med. ;PubMed;citation;PMID:22858007;pubmed;22858007;create date:2012/08/04 | first author:Miras H;2012/08/04;2012;Miras H;Sevilla;"Hospital Universitario ""Virgen Macarena"", Avda. Doctor Fedriani, 3, E-41009 Sevilla"
Estimation of neutron-equivalent dose in organs of patients undergoing radiotherapy by the use of a novel online digital detector.;/pubmed/22971664;S†nchez-Doblado F, Domingo C, G¢mez F, S†nchez-Nieto B, Mu§iz JL, Garc°a-FustÇ MJ, Exp¢sito MR, Barquero R, Hartmann G, Terr¢n JA, Pena J, MÇndez R, GutiÇrrez F, Guerre FX, Rosell¢ J, N£§ez L, Brualla-Gonz†lez L, Manchado F, Lorente A, Gallego E, Capote R, Planes D, et al.;"Phys Med Biol. 2012 Oct 7;57(19):6167-91. doi: 10.1088/0031-9155/57/19/6167. Epub 2012 Sep 13.";Phys Med Biol.  2012;Phys Med Biol. ;PubMed;citation;PMID:22971664;pubmed;22971664;create date:2012/09/14 | first author:S†nchez-Doblado F;2012/09/14;2012;S†nchez-Doblado F;Sevilla;Hospital Universitario Virgen Macarena, Sevilla
A comparison between radiochromic EBT2 film model and its predecessor EBT film model.;/pubmed/22738767;Carrasco MA, Perucha M, Luis FJ, Baeza M, Herrador M.;"Phys Med. 2013 Jun;29(4):412-22. doi: 10.1016/j.ejmp.2012.05.008. Epub 2012 Jun 26.";Phys Med.  2013;Phys Med. ;PubMed;citation;PMID:22738767;pubmed;22738767;create date:2012/06/29 | first author:Carrasco MA;2012/06/29;2012;Carrasco MA;Sevilla;Virgen del Roc°o Hospital (Seville), Sevilla
Automated assessment of low contrast sensitivity for CT systems using a model observer.;/pubmed/21978115;Hernandez-Giron I, Geleijns J, Calzado A, Veldkamp WJ.;"Med Phys. 2011 Jul;38 Suppl 1:S25. doi: 10.1118/1.3577757.";Med Phys.  2011;Med Phys. ;PubMed;citation;PMID:21978115;pubmed;21978115;create date:2012/01/26 | first author:Hernandez-Giron I;2012/01/26;2012;Hernandez-Giron I;Tarragona;ˇFacultat de Medicina i Cie?ncies de la Salut, Universitat Rovira i Virgili, 43201 Reus
Arrival of radionuclides released by the Fukushima accident to Tenerife (Canary Islands).;/pubmed/23164694;L¢pez-PÇrez M, Ramos-L¢pez R, Perestelo NR, Duarte-Rodriguez X, Bustos JJ, Alonso-PÇrez S, Cuevas E, Hern†ndez-Armas J.;"J Environ Radioact. 2013 Feb;116:180-6. doi: 10.1016/j.jenvrad.2012.09.011. Epub 2012 Nov 17.";J Environ Radioact.  2013;J Environ Radioact. ;PubMed;citation;PMID:23164694;pubmed;23164694;create date:2012/11/21 | first author:L¢pez-PÇrez M;2012/11/21;2012;L¢pez-PÇrez M;Tenerife;ˇUniversity of La Laguna, 38320 La Laguna, Tenerife
A two-dimensional liquid-filled ionization chamber array prototype for small-field verification: characterization and first clinical tests.;/pubmed/22850081;Brualla-Gonz†lez L, G¢mez F, Vicedo A, Gonz†lez-Casta§o DM, Gago-Arias A, Pazos A, Zapata M, Rosell¢ JV, Pardo-Montero J.;"Phys Med Biol. 2012 Aug 21;57(16):5221-34. doi: 10.1088/0031-9155/57/16/5221. Epub 2012 Jul 31.";Phys Med Biol.  2012;Phys Med Biol. ;PubMed;citation;PMID:22850081;pubmed;22850081;create date:2012/08/02 | first author:Brualla-Gonz†lez L;2012/08/02;2012;Brualla-Gonz†lez L;Valencia;Hospital General de Valencia, ERESA, Servicio de Radiof°sica, Valencia
Recommendations of the Spanish Societies of Radiation Oncology (SEOR), Nuclear Medicine & Molecular Imaging (SEMNiM), and Medical Physics (SEFM) on (18)F-FDG PET-CT for radiotherapy treatment planning.;/pubmed/24377032;Cooperative Group for PET-CT in Radiotherapy Treatment Planning, Caballero Perea B, Villegas AC, Rodr°guez JM, Velloso MJ, Vicente AM, Cabrerizo CH, L¢pez RM, Romasanta LA, Beltr†n MS.;"Rep Pract Oncol Radiother. 2012;17(6):298-318. doi: 10.1016/j.rpor.2012.10.001.";Rep Pract Oncol Radiother.  2012;Rep Pract Oncol Radiother. ;PubMed;citation;PMID:24377032 | PMCID:PMC3863311;pubmed;24377032;create date:2012/01/01 | first author:Cooperative Group for PET-CT in Radiotherapy Treatment Planning;2012/01/01;2012;Cooperative Group for PET-CT in Radiotherapy Treat;;
Radiation dose assessment in a 320-detector-row CT scanner used in cardiac imaging.;/pubmed/21520859;GomÖ C, Ruiz A, Jornet N, Latorre A, Pallerol RM, Carrasco P, Eudaldo T, Ribas M.;"Med Phys. 2011 Mar;38(3):1473-80.";Med Phys.  2011;Med Phys. ;PubMed;citation;PMID:21520859;pubmed;21520859;create date:2011/04/28 | first author:GomÖ C;2011/04/28;2011;GomÖ C;Barcelona;Hospital de la Santa Creu i Sant Pau, Sant Antoni Maria Claret 167, 08025 Barcelona
[Adrenergic and dopaminergic examinations in nuclear medicine. Presentation of the results of the French and Spanish surveys].;/pubmed/21354660;Mora J, Giammarile F, Ricart Y, BajÇn MT, Ben°tez A, Rodr°guez-GasÇn A, Calvo E, Carmona E, Puchal R, Roca M, Tychyj-Pinel C, Houzard C, Mart°n-Com°n J.;"Rev Esp Med Nucl. 2011 Mar-Apr;30(2):120-3. doi: 10.1016/j.remn.2010.12.004. Epub 2011 Feb 26. Spanish.  No abstract available. ";Rev Esp Med Nucl.  2011;Rev Esp Med Nucl. ;PubMed;citation;PMID:21354660;pubmed;21354660;create date:2011/03/01 | first author:Mora J;2011/03/01;2011;Mora J;Barcelona;Hospital Universitari de Bellvitge, Barcelona
Uncertainties and CTV to PTV margins quantitative assessment using cone-beam CT technique in clinical application for prostate, and head and neck irradiation tumours.;/pubmed/22082648;Juan-Senabre XJ, L¢pez-Tarjuelo J, Conde-Moreno A, Santos-Serra A, S†nchez-Iglesias AL, Quir¢s-Higueras JD, de Marco Blancas N, Calzada-Feliu S, Ferrer-Albiach C.;"Clin Transl Oncol. 2011 Nov;13(11):819-25. doi: 10.1007/s12094-011-0740-8.";Clin Transl Oncol.  2011;Clin Transl Oncol. ;PubMed;citation;PMID:22082648;pubmed;22082648;create date:2011/11/16 | first author:Juan-Senabre XJ;2011/11/16;2011;Juan-Senabre XJ;Castell¢n;Consorcio Hospitalario Provincial de Castell¢
Statistical control of the spectral quality index in electron beams.;/pubmed/21903284;de la Vega JM, Mart°nez-Luna RJ, Guirado D, Vilches M, Lallena AM.;"Radiother Oncol. 2012 Mar;102(3):406-11. doi: 10.1016/j.radonc.2011.08.010. Epub 2011 Sep 6.";Radiother Oncol.  2012;Radiother Oncol. ;PubMed;citation;PMID:21903284;pubmed;21903284;create date:2011/09/10 | first author:de la Vega JM;2011/09/10;2011;de la Vega JM;Granada;Hosp Univ San Cecilio, Granada
Quality control for system count rate performance with scatter in gamma cameras.;/pubmed/21641844;Guirado D, Ram°rez JC, de la Vega JM, Vilches M, Lallena AM.;"Phys Med. 2012 Jul;28(3):254-61. doi: 10.1016/j.ejmp.2011.05.002. Epub 2011 Jun 8.";Phys Med.  2012;Phys Med. ;PubMed;citation;PMID:21641844;pubmed;21641844;create date:2011/06/07 | first author:Guirado D;2011/06/07;2011;Guirado D;Granada;Hospital Universitario San Cecilio, Avda Dr Ol¢riz, 16, E-18012 Granada
A jaw calibration method to provide a homogeneous dose distribution in the matching region when using a monoisocentric beam split technique.;/pubmed/21776772;Cenizo E, Garc°a-Pareja S, Gal†n P, Bodineau C, Caudep¢n F, Casado FJ.;"Med Phys. 2011 May;38(5):2374-81.";Med Phys.  2011;Med Phys. ;PubMed;citation;PMID:21776772;pubmed;21776772;create date:2011/07/23 | first author:Cenizo E;2011/07/23;2011;Cenizo E;Le¢n;Complejo Asistencial de Le¢n
A parametrization of the CT number of a substance and its use for stoichiometric calibration.;/pubmed/21419682;Martinez LC, Calzado A, Rodriguez C, Gilarranz R, Manzanas MJ.;"Phys Med. 2012 Jan;28(1):33-42. doi: 10.1016/j.ejmp.2011.02.001. Epub 2011 Mar 17.";Phys Med.  2012;Phys Med. ;PubMed;citation;PMID:21419682;pubmed;21419682;create date:2011/03/23 | first author:Martinez LC;2011/03/23;2011;Martinez LC;Madrid;12 de Octubre University Hospital, Madrid
A dose index as a tool to estimate paediatric patient doses in digital projection radiography.;/pubmed/21775320;Garcia Casta§on P, Espa§a Lopez ML, Fernandez Bedoya V, Bermudez Luna R, Rodriguez Martin G.;"Radiat Prot Dosimetry. 2012 May;149(4):417-23. doi: 10.1093/rpd/ncr313. Epub 2011 Jul 20.";Radiat Prot Dosimetry.  2012;Radiat Prot Dosimetry. ;PubMed;citation;PMID:21775320;pubmed;21775320;create date:2011/07/22 | first author:Garcia Casta§on P;2011/07/22;2011;Garcia Casta§on P;Madrid;Hospital Universitario La Princesa
Global view on radiation protection in medicine.;/pubmed/21725079;Vano E.;"Radiat Prot Dosimetry. 2011 Sep;147(1-2):3-7. doi: 10.1093/rpd/ncr265. Epub 2011 Jul 2. Review.";Radiat Prot Dosimetry.  2011;Radiat Prot Dosimetry. ;PubMed;citation;PMID:21725079;pubmed;21725079;create date:2011/07/05 | first author:Vano E;2011/07/05;2011;Vano E;Madrid;San Carlos University Hospital
Increases in patient doses need to be avoided when upgrading interventional cardiology systems to flat detectors.;/pubmed/21733865;Prieto C, Vano E, Fern†ndez JM, Mart°nez D, S†nchez R.;"Radiat Prot Dosimetry. 2011 Sep;147(1-2):83-5. doi: 10.1093/rpd/ncr273. Epub 2011 Jul 5.";Radiat Prot Dosimetry.  2011;Radiat Prot Dosimetry. ;PubMed;citation;PMID:21733865;pubmed;21733865;create date:2011/07/08 | first author:Prieto C;2011/07/08;2011;Prieto C;Madrid;San Carlos University Hospital
A national programme for patient and staff dose monitoring in interventional cardiology.;/pubmed/21733862;S†nchez R, Vano E, Fern†ndez JM, Sotil J, Carrera F, Armas J, Rosales F, Pifarre X, Escaned J, Angel J, Diaz JF, Bosa F, Saez JR, Goicolea J.;"Radiat Prot Dosimetry. 2011 Sep;147(1-2):57-61. doi: 10.1093/rpd/ncr275. Epub 2011 Jul 5.";Radiat Prot Dosimetry.  2011;Radiat Prot Dosimetry. ;PubMed;citation;PMID:21733862;pubmed;21733862;create date:2011/07/08 | first author:S†nchez R;2011/07/08;2011;S†nchez R;Madrid;San Carlos University Hospital, Madrid
Visual and numerical methods to measure patient skin doses in interventional procedures using radiochromic XR-RV2 films.;/pubmed/21757442;S†nchez R, Vano E, Fern†ndez JM, Machado A, Roas N.;"Radiat Prot Dosimetry. 2011 Sep;147(1-2):94-8. doi: 10.1093/rpd/ncr281. Epub 2011 Jul 13.";Radiat Prot Dosimetry.  2011;Radiat Prot Dosimetry. ;PubMed;citation;PMID:21757442;pubmed;21757442;create date:2011/07/16 | first author:S†nchez R;2011/07/16;2011;S†nchez R;Madrid;San Carlos University Hospital, Madrid
Spanish experience in education and training in radiation protection in medicine.;/pubmed/21821615;Fernandez Soto JM, Vano E, Guibelalde E.;"Radiat Prot Dosimetry. 2011 Sep;147(1-2):338-42. doi: 10.1093/rpd/ncr349. Epub 2011 Aug 4.";Radiat Prot Dosimetry.  2011;Radiat Prot Dosimetry. ;PubMed;citation;PMID:21821615;pubmed;21821615;create date:2011/08/09 | first author:Fernandez Soto JM;2011/08/09;2011;Fernandez Soto JM;Madrid;San Carlos University Hospital, Madrid
[Incidence and prognostic value of ischemic heart disease in high risk cardiovascular asymptomatic diabetic patients detected by gated myocardial perfusion SPECT study].;/pubmed/21944188;Ruano PÇrez R, G¢mez-Caminero L¢pez F, Diego Dom°nguez M, Mart°n De Arriba A, Mart°n Luengo C, Garc°a-Talavera Fern†ndez JR.;"Rev Esp Med Nucl Imagen Mol. 2012 Mar-Apr;31(2):83-8. doi: 10.1016/j.remn.2011.04.012. Epub 2011 Sep 22. Spanish. ";Rev Esp Med Nucl Imagen Mol.  2012;Rev Esp Med Nucl Imagen Mol. ;PubMed;citation;PMID:21944188;pubmed;21944188;create date:2011/09/29 | first author:Ruano PÇrez R;2011/09/29;2011;Ruano PÇrez R;Salamanca;Hospital Universitario de Salamanca
The influence of the field setup on the dosimetry of abutted fields in single-isocenter half-beam techniques.;/pubmed/21520858;Hernandez V, Sempau J.;"Med Phys. 2011 Mar;38(3):1468-72.";Med Phys.  2011;Med Phys. ;PubMed;citation;PMID:21520858;pubmed;21520858;create date:2011/04/28 | first author:Hernandez V;2011/04/28;2011;Hernandez V;Tarragona;Hospital Universitari Sant Joan de Reus
Performance of data acceptance criteria over 50 months from an automatic real-time environmental radiation surveillance network.;/pubmed/21570164;Casanovas R, Morant JJ, L¢pez M, Hern†ndez-Gir¢n I, Batalla E, Salvad¢ M.;"J Environ Radioact. 2011 Aug;102(8):742-8. doi: 10.1016/j.jenvrad.2011.04.001. Epub 2011 May 12.";J Environ Radioact.  2011;J Environ Radioact. ;PubMed;citation;PMID:21570164;pubmed;21570164;create date:2011/05/17 | first author:Casanovas R;2011/05/17;2011;Casanovas R;Tarragona;Universitat Rovira i Virgili, Reus
Assessment in vitro of cytogenetic and genotoxic effects of propolis on human lymphocytes.;/pubmed/22041523;Montoro A, Soriano JM, Barquinero JF, Almonacid M, Montoro A, Verd£ G, Sahuquillo V, Villaescusa JI, SebastiÖ N.;"Food Chem Toxicol. 2012 Feb;50(2):216-21. doi: 10.1016/j.fct.2011.10.053. Epub 2011 Oct 25.";Food Chem Toxicol.  2012;Food Chem Toxicol. ;PubMed;citation;PMID:22041523;pubmed;22041523;create date:2011/11/02 | first author:Montoro A;2011/11/02;2011;Montoro A;Valencia;Hospital Universitario La Fe, Valencia
[Effective doses associated to the usual multimodal examinations in nuclear medicine].;/pubmed/21531484;Camacho L¢pez C, Mart° Vidal JF, Falg†s Lacueva M, Vercher Conejero JL.;"Rev Esp Med Nucl. 2011 Sep-Oct;30(5):276-85. doi: 10.1016/j.remn.2011.02.008. Epub 2011 May 4. Spanish. ";Rev Esp Med Nucl.  2011;Rev Esp Med Nucl. ;PubMed;citation;PMID:21531484;pubmed;21531484;create date:2011/05/03 | first author:Camacho L¢pez C;2011/05/03;2011;Camacho L¢pez C;Valencia;Hospital Universitario La Fe, Valencia
131I activity in urine to the sewer system due to thyroidal treatments.;/pubmed/21709491;AndrÇs C, Barquero R, Tortosa R, Nu§ez C, del Castillo A, Vega-Carrillo HR, Alonso D.;"Health Phys. 2011 Aug;101 Suppl 2:S110-5. doi: 10.1097/HP.0b013e318209459c.";Health Phys.  2011;Health Phys. ;PubMed;citation;PMID:21709491;pubmed;21709491;create date:2011/07/01 | first author:AndrÇs C;2011/07/01;2011;AndrÇs C;Valladolid;Hospital Cl°nico Universitario de Valladolid
A comprehensive study of the Gafchromic EBT2 radiochromic film. A comparison with EBT.;/pubmed/21302783;AndrÇs C, del Castillo A, Tortosa R, Alonso D, Barquero R.;"Med Phys. 2010 Dec;37(12):6271-8.";Med Phys.  2010;Med Phys. ;PubMed;citation;PMID:21302783;pubmed;21302783;create date:2011/02/10 | first author:AndrÇs C;2011/02/10;2011;AndrÇs C;Valladolid;Hospital Cl°nico Universitario, Valladolid
A liquid-filled ionization chamber for high precision relative dosimetry.;/pubmed/20554236;Gonz†lez-Casta§o DM, G¢mez F, Brualla L, Rosell¢ JV, Planes D, S†nchez M, Pombar M.;"Phys Med. 2011 Apr;27(2):89-96. doi: 10.1016/j.ejmp.2010.04.002. Epub 2010 Jun 2.";Phys Med.  2011;Phys Med. ;PubMed;citation;PMID:20554236;pubmed;20554236;create date:2010/06/18 | first author:Gonz†lez-Casta§o DM;2010/06/18;2010;Gonz†lez-Casta§o DM;A Coru§a;ˇUniversidade de Santiago de Compostela
A Monte Carlo tool to simulate breast cancer screening programmes.;/pubmed/20714045;Forastero C, Zamora LI, Guirado D, Lallena AM.;"Phys Med Biol. 2010 Sep 7;55(17):5213-29. doi: 10.1088/0031-9155/55/17/021. Epub 2010 Aug 16.";Phys Med Biol.  2010;Phys Med Biol. ;PubMed;citation;PMID:20714045;pubmed;20714045;create date:2010/08/18 | first author:Forastero C;2010/08/18;2010;Forastero C;Granada;Hospital Universitario San Cecilio, Avda Dr Ol¢riz, 16 E-18012 Granada
Staff radiation doses in a real-time display inside the angiography room.;/pubmed/20694467;Sanchez R, Vano E, Fernandez JM, Gallego JJ.;"Cardiovasc Intervent Radiol. 2010 Dec;33(6):1210-4. doi: 10.1007/s00270-010-9945-4. Epub 2010 Aug 6.";Cardiovasc Intervent Radiol.  2010;Cardiovasc Intervent Radiol. ;PubMed;citation;PMID:20694467;pubmed;20694467;create date:2010/08/10 | first author:Sanchez R;2010/08/10;2010;Sanchez R;Madrid;Hospital Cl°nico San Carlos, Madrid
Ant colony algorithm implementation in electron and photon Monte Carlo transport: application to the commissioning of radiosurgery photon beams.;/pubmed/20831086;Garc°a-Pareja S, Gal†n P, Manzano F, Brualla L, Lallena AM.;"Med Phys. 2010 Jul;37(7):3782-90.";Med Phys.  2010;Med Phys. ;PubMed;citation;PMID:20831086;pubmed;20831086;create date:2010/09/14 | first author:Garc°a-Pareja S;2010/09/14;2010;Garc°a-Pareja S;M†laga;Hospital Regional Universitario Carlos Haya, Avda. Carlos Haya s/n, E-29010 M†laga
Analysis of shielding calculation methods for 16- and 64-slice computed tomography facilities.;/pubmed/20826895;Moreno C, Cenizo E, Bodineau C, Mateo B, Ortega EM.;"J Radiol Prot. 2010 Sep;30(3):557-65. doi: 10.1088/0952-4746/30/3/010. Epub 2010 Sep 8.";J Radiol Prot.  2010;J Radiol Prot. ;PubMed;citation;PMID:20826895;pubmed;20826895;create date:2010/09/10 | first author:Moreno C;2010/09/10;2010;Moreno C;M†laga;Hospital Regional Universitario Carlos Haya, M†laga
[Neuroimaging: technical aspects and practice].;/pubmed/20579774;Mart°-Climent JM, Prieto E, L¢pez Lafuente J, Arbizu J.;"Rev Esp Med Nucl. 2010 Jul-Aug;29(4):189-210. doi: 10.1016/j.remn.2010.05.001. Epub 2010 Jun 26. Review. Spanish. ";Rev Esp Med Nucl.  2010;Rev Esp Med Nucl. ;PubMed;citation;PMID:20579774;pubmed;20579774;create date:2010/06/29 | first author:Mart°-Climent JM;2010/06/29;2010;Mart°-Climent JM;Navarra;Cl°nica Universidad de Navarra, Universidad de Navarra, Pamplona
Use of an electron spoiler for radiation treatment of surface skin diseases.;/pubmed/20466622;Hern†ndez V, S†nchez-Reyes A, Badal A, Vila A, Mur E, Pedro A, Sanchiz F.;"Clin Transl Oncol. 2010 May;12(5):374-80. doi: 10.1007/s12094-010-0519-3.";Clin Transl Oncol.  2010;Clin Transl Oncol. ;PubMed;citation;PMID:20466622;pubmed;20466622;create date:2010/05/15 | first author:Hern†ndez V;2010/05/15;2010;Hern†ndez V;Tarragona;Hospital de Sant Joan de Reus
Clinical applications of geometrical field matching in radiotherapy based on a new analytical solution.;/pubmed/20510603;Hernandez V, Arenas M, Pons F, Sempau J.;"Med Dosim. 2011 Summer;36(2):160-5. doi: 10.1016/j.meddos.2010.02.008. Epub 2010 May 26.";Med Dosim.  2011;Med Dosim. ;PubMed;citation;PMID:20510603;pubmed;20510603;create date:2010/06/01 | first author:Hernandez V;2010/06/01;2010;Hernandez V;Tarragona;Hospital de Sant Joan de Reus
Concentration-Dependent Protection by Ethanol Extract of Propolis against ?-Ray-Induced Chromosome Damage in Human Blood Lymphocytes.;/pubmed/20981159;Montoro A, Barquinero JF, Almonacid M, Montoro A, SebastiÖ N, Verd£ G, Sahuquillo V, Serrano J, Saiz M, Villaescusa JI, Soriano JM.;"Evid Based Complement Alternat Med. 2011;2011:174853. doi: 10.1155/2011/174853. Epub 2010 Oct 11.";Evid Based Complement Alternat Med.  2011;Evid Based Complement Alternat Med. ;PubMed;citation;PMID:20981159 | PMCID:PMC2964485;pubmed;20981159;create date:2010/10/29 | first author:Montoro A;2010/10/29;2010;Montoro A;Valencia;Hospital Universitario La Fe, 46009 Valencia
[Application of ICRP-103 in the calculation of effective dose associated to nuclear medicine tests].;/pubmed/20399539;Pujades Claumarchirant MC, Mart° Vidal JF, Olivas Arroyo C, Bello ArquÇs P, Mateo Navarro A.;"Rev Esp Med Nucl. 2010 May-Jun;29(3):114-21. doi: 10.1016/j.remn.2010.01.004. Spanish. ";Rev Esp Med Nucl.  2010;Rev Esp Med Nucl. ;PubMed;citation;PMID:20399539;pubmed;20399539;create date:2010/04/20 | first author:Pujades Claumarchirant MC;2010/04/20;2010;Pujades Claumarchirant MC;Valencia;Hospital Universitario La Fe, Valencia
[The state of the art in technology for digital mammography].;/pubmed/20338602;Torres Cabrera R.;"Radiologia. 2010 Jun;52 Suppl 1:7-13. doi: 10.1016/j.rx.2009.12.005. Epub 2010 Mar 24. Review. Spanish.  No abstract available. ";Radiologia.  2010;Radiologia. ;PubMed;citation;PMID:20338602;pubmed;20338602;create date:2010/03/27 | first author:Torres Cabrera R;2010/03/27;2010;Torres Cabrera R;Valladolid;Hospital Universitario R°o Hortega, Valladolid
Automated effective dose estimation in CT.;/pubmed/19783556;Garc°a MS, Came†n MP, Busto RL, Vega VL, Sueiro JM, Mart°nez CO, del R°o JR.;"Radiat Prot Dosimetry. 2010 Jan;138(1):71-7. doi: 10.1093/rpd/ncp171. Epub 2009 Sep 25.";Radiat Prot Dosimetry.  2010;Radiat Prot Dosimetry. ;PubMed;citation;PMID:19783556;pubmed;19783556;create date:2009/09/29 | first author:Garc°a MS;2009/09/29;2009;Garc°a MS;A Coru§a;Complexo Hospitalario Universitario de Santiago de Compostela (CHUS), Santiago de Compostela
The determination of beam quality correction factors: Monte Carlo simulations and measurements.;/pubmed/19622853;Gonz†lez-Casta§o DM, Hartmann GH, S†nchez-Doblado F, G¢mez F, Kapsch RP, Pena J, Capote R.;"Phys Med Biol. 2009 Aug 7;54(15):4723-41. doi: 10.1088/0031-9155/54/15/006. Epub 2009 Jul 22.";Phys Med Biol.  2009;Phys Med Biol. ;PubMed;citation;PMID:19622853;pubmed;19622853;create date:2009/07/23 | first author:Gonz†lez-Casta§o DM;2009/07/23;2009;Gonz†lez-Casta§o DM;A Coru§a;Universidad de Santiago de Compostela
The European Federation of Organisations for Medical Physics. Policy Statement No. 12: The present status of Medical Physics Education and Training in Europe. New perspectives and EFOMP recommendations.;/pubmed/19362032;Eudaldo T, Olsen K.;"Phys Med. 2010 Jan;26(1):1-5. doi: 10.1016/j.ejmp.2009.02.005. Epub 2009 Apr 9.";Phys Med.  2010;Phys Med. ;PubMed;citation;PMID:19362032;pubmed;19362032;create date:2009/04/14 | first author:Eudaldo T;2009/04/14;2009;Eudaldo T;Barcelona;Hospital de la Santa Creu i Sant Pau, Barcelona
"[Evaluation by statistical parametric mapping"" of the cerebral perfusion changes in patients with carotid artery stenosis after endarterectomy].""";/pubmed/19837485;Rodr°guez-Bel L, Mora Salvad¢ J, BajÇn L†zaro M, Puchal A§Ç R, Sancho Kolster I, Guirao Mar°n S, DomÇnech Vilardell A, S†nchez Catasus C, Font Padr¢s M, Krupinspy Y, Mart°n Com°n J.;"Rev Esp Med Nucl. 2010 Jan-Feb;29(1):3-7. doi: 10.1016/j.remn.2009.07.007. Epub 2009 Oct 17. Spanish. ";Rev Esp Med Nucl.  2010;Rev Esp Med Nucl. ;PubMed;citation;PMID:19837485;pubmed;19837485;create date:2009/10/20 | first author:Rodr°guez-Bel L;2009/10/20;2009;Rodr°guez-Bel L;Barcelona;Hospital Universitario de Bellvitge-IDIBELL, Barcelona
Comparative risk assessment of residential radon exposures in two radon-prone areas, Stei (Romania) and Torrelodones (Spain).;/pubmed/19428051;Sainz C, Dinu A, Dicu T, Szacsvai K, Cosma C, Quind¢s LS.;"Sci Total Environ. 2009 Jul 15;407(15):4452-60. doi: 10.1016/j.scitotenv.2009.04.033. Epub 2009 May 9.";Sci Total Environ.  2009;Sci Total Environ. ;PubMed;citation;PMID:19428051;pubmed;19428051;create date:2009/05/12 | first author:Sainz C;2009/05/12;2009;Sainz C;Cantabria;University of Cantabria
Retroperitoneal tumour radiotherapy: clinical improvements using kilovoltage cone beam computed tomography.;/pubmed/19380304;Juan-Senabre XJ, Ferrer-Albiach C, Rodr°guez-Cord¢n M, Santos-Serra A, L¢pez-Tarjuelo J, Calzada-Feliu S.;"Clin Transl Oncol. 2009 Apr;11(4):253-6.";Clin Transl Oncol.  2009;Clin Transl Oncol. ;PubMed;citation;PMID:19380304;pubmed;19380304;create date:2009/04/22 | first author:Juan-Senabre XJ;2009/04/22;2009;Juan-Senabre XJ;Castell¢n;Consorcio Hospitalario Provincial de Castell¢n
Multiple scattering of 13 and 20 MeV electrons by thin foils: a Monte Carlo study with GEANT, Geant4, and PENELOPE.;/pubmed/19810469;Vilches M, Garc°a-Pareja S, Guerrero R, Anguiano M, Lallena AM.;"Med Phys. 2009 Sep;36(9):3964-70.";Med Phys.  2009;Med Phys. ;PubMed;citation;PMID:19810469;pubmed;19810469;create date:2009/10/09 | first author:Vilches M;2009/10/09;2009;Vilches M;Granada;"Hospital Regional Universitario ""Virgen de las Nieves,"" Avenida de las Fuerzas Armadas 2, E-18014 Granada"
Dosimetric characterization of an 192Ir brachytherapy source with the Monte Carlo code PENELOPE.;/pubmed/20034828;Casado FJ, Garc°a-Pareja S, Cenizo E, Mateo B, Bodineau C, Gal†n P.;"Phys Med. 2010;26(3):132-9. doi: 10.1016/j.ejmp.2009.11.001. Epub 2010 Jan 14.";Phys Med.  2010;Phys Med. ;PubMed;citation;PMID:20034828;pubmed;20034828;create date:2009/12/26 | first author:Casado FJ;2009/12/26;2009;Casado FJ;M†laga;Hospital R.U. Carlos Haya, Av. Carlos Haya s/n, 29010 M†laga
[Optimization of the dose of radiation in shoulder arthrography].;/pubmed/19409583;Campos PA, Redondo MV, Bern†-Serna JD, Reus M, Mart°nez F.;"Radiologia. 2009 May-Jun;51(3):282-6. doi: 10.1016/j.rx.2008.11.006. Epub 2009 May 1. Spanish. ";Radiologia.  2009;Radiologia. ;PubMed;citation;PMID:19409583;pubmed;19409583;create date:2009/05/05 | first author:Campos PA;2009/05/05;2009;Campos PA;Murcia;Hospital Universitario Virgen de la Arrixaca, Murcia
[Heavy particle radiation therapy].;/pubmed/19738662;Lozares S, Ma§eru F, Pellejero S.;"An Sist Sanit Navar. 2009;32 Suppl 2:85-95. Spanish. ";An Sist Sanit Navar.  2009;An Sist Sanit Navar. ;PubMed;citation;PMID:19738662;pubmed;19738662;create date:2009/09/10 | first author:Lozares S;2009/09/10;2009;Lozares S;Navarra;Hospital de Navarra, Pamplona
From the limits of the classical model of sensitometric curves to a realistic model based on the percolation theory for GafChromic EBT films.;/pubmed/19810474;del Moral F, V†zquez JA, Ferrero JJ, Willisch P, Ram°rez RD, Teijeiro A, L¢pez Medina A, Andrade B, V†zquez J, Salvador F, Medal D, Salgado M, Mu§oz V.;"Med Phys. 2009 Sep;36(9):4015-26.";Med Phys.  2009;Med Phys. ;PubMed;citation;PMID:19810474;pubmed;19810474;create date:2009/10/09 | first author:del Moral F;2009/10/09;2009;del Moral F;Pontevedra;ˇHospital do Meixoeiro, Pontevedra
Clinical comparative study of dose-volume and equivalent uniform dose based predictions in post radiotherapy acute complications.;/pubmed/19575313;BoulÇ TP, Gallardo Fuentes MI, Rosell¢ JV, Arrans Lara R, Torrecilla JL, Plaza AL.;"Acta Oncol. 2009;48(7):1044-53. doi: 10.1080/02841860903078513.";Acta Oncol.  2009;Acta Oncol. ;PubMed;citation;PMID:19575313;pubmed;19575313;create date:2009/07/04 | first author:BoulÇ TP;2009/07/04;2009;BoulÇ TP;Sevilla;University of Seville
An easy method to account for light scattering dose dependence in radiochromic films.;/pubmed/19810458;Miras H, Arrans R.;"Med Phys. 2009 Sep;36(9):3866-9.";Med Phys.  2009;Med Phys. ;PubMed;citation;PMID:19810458;pubmed;19810458;create date:2009/10/09 | first author:Miras H;2009/10/09;2009;Miras H;Sevilla;Virgen Macarena Hospital, Seville
Unexplained overexposures on physical dosimetry reported by biological dosimetry.;/pubmed/19964943;Montoro A, Almonacid M, Villaescusa JI, Verdu G.;"Conf Proc IEEE Eng Med Biol Soc. 2009;2009:881-4. doi: 10.1109/IEMBS.2009.5334711.";Conf Proc IEEE Eng Med Biol Soc.  2009;Conf Proc IEEE Eng Med Biol Soc. ;PubMed;citation;PMID:19964943;pubmed;19964943;create date:2009/12/08 | first author:Montoro A;2009/12/08;2009;Montoro A;Valencia;Hospital Universitario la Fe de Valencia
Analysis of the radiological detriment for premenopausal women in a breast early detection program during 2008.;/pubmed/19963982;Tortosa R, Ramos M, Villaescusa JI, Gallardo S, Verdu G.;"Conf Proc IEEE Eng Med Biol Soc. 2009;2009:900-2. doi: 10.1109/IEMBS.2009.5333440.";Conf Proc IEEE Eng Med Biol Soc.  2009;Conf Proc IEEE Eng Med Biol Soc. ;PubMed;citation;PMID:19963982;pubmed;19963982;create date:2009/12/08 | first author:Tortosa R;2009/12/08;2009;Tortosa R;Valencia;La Fe University Hospital, Valencia
[Treatment with (131)I of thyroid remnants in a patient with papillary thyroid carcinoma and end-stage chronic renal failure].;/pubmed/20018412;Andres A, Tard°n L, Santapau A, Razola P, Prats E, Parra A, Rivas MA, Ruiz P, Alvarez R, Camara A, Banzo J.;"Rev Esp Med Nucl. 2010 Jan-Feb;29(1):32-5. doi: 10.1016/j.remn.2009.10.005. Epub 2009 Dec 16. Spanish. ";Rev Esp Med Nucl.  2010;Rev Esp Med Nucl. ;PubMed;citation;PMID:20018412;pubmed;20018412;create date:2009/12/19 | first author:Andres A;2009/12/19;2009;Andres A;Zaragoza;"Hospital Cl°nico Universitario ""Lozano Blesa"" de Zaragoza"
Study and evaluation of the Siemens virtual wedge factor: dosimetric monitor system and variable field effects.;/pubmed/18296764;Send¢n Del R°o JR, Mart°nez CO, Garc°a MS, Busto RL, Vega VL, Sueiro JM, Came†n MP.;"Phys Med Biol. 2008 Mar 7;53(5):1313-23. doi: 10.1088/0031-9155/53/5/010. Epub 2008 Feb 13.";Phys Med Biol.  2008;Phys Med Biol. ;PubMed;citation;PMID:18296764;pubmed;18296764;create date:2008/02/26 | first author:Send¢n Del R°o JR;2008/02/26;2008;Send¢n Del R°o JR;A Coru§a;Complexo Hospitalario Universitario de Santiago de Compostela (CHUS), Santiago de Compostela
[Iterative tomographic reconstruction].;/pubmed/19094908;Puchal A§Ç R.;"Rev Esp Med Nucl. 2008 Nov-Dec;27(6):460-7. Review. Spanish.  No abstract available. ";Rev Esp Med Nucl.  2008;Rev Esp Med Nucl. ;PubMed;citation;PMID:19094908;pubmed;19094908;create date:2008/12/20 | first author:Puchal A§Ç R;2008/12/20;2008;Puchal A§Ç R;Barcelona;Hospital Universitario de Bellvitge, L'Hospitalet de Llobregat, Barcelona
[Calculation of the left ventricular ejection fraction. Comparison between 4 different instruments].;/pubmed/19094900;Puchal A§Ç R, Guirao Mar°n S, Domänech Vilardell A, Rodr°guez GassÇn A, BajÇn L†zaro MT, Ricart Brulles Y, Murillo Sosa M, Mart°n-Com°n J.;"Rev Esp Med Nucl. 2008 Nov-Dec;27(6):418-23. Spanish. ";Rev Esp Med Nucl.  2008;Rev Esp Med Nucl. ;PubMed;citation;PMID:19094900;pubmed;19094900;create date:2008/12/20 | first author:Puchal A§Ç R;2008/12/20;2008;Puchal A§Ç R;Barcelona;Hospital Universitario de Bellvitge, L'Hospitalet de Llobregat, Barcelona
Image retake analysis in digital radiography using DICOM header information.;/pubmed/18592314;Prieto C, Vano E, Ten JI, Fernandez JM, I§iguez AI, Arevalo N, Litcheva A, Crespo E, Floriano A, Martinez D.;"J Digit Imaging. 2009 Aug;22(4):393-9. doi: 10.1007/s10278-008-9135-y. Epub 2008 Jul 1.";J Digit Imaging.  2009;J Digit Imaging. ;PubMed;citation;PMID:18592314 | PMCID:PMC3043704;pubmed;18592314;create date:2008/07/02 | first author:Prieto C;2008/07/02;2008;Prieto C;Madrid;ˇSan Carlos University Hospital
Patient dose reference levels for interventional radiology: a national approach.;/pubmed/18931875;Vano E, Sanchez R, Fernandez JM, Gallego JJ, Verdu JF, de Garay MG, Azpiazu A, Segarra A, Hernandez MT, Canis M, Diaz F, Moreno F, Palmero J.;"Cardiovasc Intervent Radiol. 2009 Jan;32(1):19-24. doi: 10.1007/s00270-008-9439-9. Epub 2008 Oct 18.";Cardiovasc Intervent Radiol.  2009;Cardiovasc Intervent Radiol. ;PubMed;citation;PMID:18931875;pubmed;18931875;create date:2008/10/22 | first author:Vano E;2008/10/22;2008;Vano E;Madrid;Hospital Clinico San Carlos, Madrid
Study of the uncertainty in the determination of the absorbed dose to water during external beam radiotherapy calibration.;/pubmed/18449162;Castro P, Garc°a-Vicente F, M°nguez C, Floriano A, Sevillano D, PÇrez L, Torres JJ.;"J Appl Clin Med Phys. 2008 Jan 22;9(1):2676.";J Appl Clin Med Phys.  2008;J Appl Clin Med Phys. ;PubMed;citation;PMID:18449162;pubmed;18449162;create date:2008/05/02 | first author:Castro P;2008/05/02;2008;Castro P;Madrid;Hospital Universitario La Princesa, Madrid
Paediatric entrance doses from exposure index in computed radiography.;/pubmed/18523350;Vano E, Martinez D, Fernandez JM, Ordiales JM, Prieto C, Floriano A, Ten JI.;"Phys Med Biol. 2008 Jun 21;53(12):3365-80. doi: 10.1088/0031-9155/53/12/020. Epub 2008 Jun 3.";Phys Med Biol.  2008;Phys Med Biol. ;PubMed;citation;PMID:18523350;pubmed;18523350;create date:2008/06/05 | first author:Vano E;2008/06/05;2008;Vano E;Madrid;San Carlos University Hospital
Physical image quality comparison of four types of digital detector for chest radiology.;/pubmed/18283060;Fernandez JM, Ordiales JM, Guibelalde E, Prieto C, Vano E.;"Radiat Prot Dosimetry. 2008;129(1-3):140-3. doi: 10.1093/rpd/ncn026. Epub 2008 Feb 18.";Radiat Prot Dosimetry.  2008;Radiat Prot Dosimetry. ;PubMed;citation;PMID:18283060;pubmed;18283060;create date:2008/02/20 | first author:Fernandez JM;2008/02/20;2008;Fernandez JM;Madrid;San Carlos University Hospital
Quality control and patient dosimetry in digital radiology. On line system: new features and transportability.;/pubmed/18283057;Vano E, Ten JI, Fernandez JM, Prieto C, Ordiales JM, Martinez D.;"Radiat Prot Dosimetry. 2008;129(1-3):144-6. doi: 10.1093/rpd/ncn030. Epub 2008 Feb 18.";Radiat Prot Dosimetry.  2008;Radiat Prot Dosimetry. ;PubMed;citation;PMID:18283057;pubmed;18283057;create date:2008/02/20 | first author:Vano E;2008/02/20;2008;Vano E;Madrid;San Carlos University Hospital
Criteria to optimise a dynamic flat detector system used for interventional radiology.;/pubmed/18304958;Simon R, Vano E, Prieto C, Fernandez JM, Ordiales JM, Martinez D.;"Radiat Prot Dosimetry. 2008;129(1-3):261-4. doi: 10.1093/rpd/ncn027. Epub 2008 Feb 26.";Radiat Prot Dosimetry.  2008;Radiat Prot Dosimetry. ;PubMed;citation;PMID:18304958;pubmed;18304958;create date:2008/02/29 | first author:Simon R;2008/02/29;2008;Simon R;Madrid;San Carlos University Hospital
[Quick and simple synthesis of (11)C-(+)-alpha-dihydrotetrabenazine to be used as a PET radioligand of vesicular monoamine transporters].;/pubmed/18208777;Quincoces G, Collantes M, Catal†n R, Ecay M, Prieto E, Martino E, Blesa FJ, Alvarez-Erviti L, Areses P, Arbizu J, Obeso JA, Mart°-Climent JM, Richter JA, Pe§uelas I.;"Rev Esp Med Nucl. 2008 Jan-Feb;27(1):13-21. Spanish. ";Rev Esp Med Nucl.  2008;Rev Esp Med Nucl. ;PubMed;citation;PMID:18208777;pubmed;18208777;create date:2008/01/23 | first author:Quincoces G;2008/01/23;2008;Quincoces G;Navarra;Cl°nica Universitaria de Navarra, Pamplona
[Sentinel node biopsy in T2 breast cancers larger than 3 cm and clinically negative axilla compared with the T1-T2 <3 cm standard indication].;/pubmed/18570859;Ruano R, Ramos M, Garc°a-Talavera JR, Garc°a Mac°as MC, Mart°n de Arriba A, Gonz†lez-Or£s JM, Iglesias M, Serrano E.;"Rev Esp Med Nucl. 2008 May-Jun;27(3):176-82. Spanish. ";Rev Esp Med Nucl.  2008;Rev Esp Med Nucl. ;PubMed;citation;PMID:18570859;pubmed;18570859;create date:2008/06/24 | first author:Ruano R;2008/06/24;2008;Ruano R;Salamanca;Hospital Universitario de Salamanca, Salamanca
Liquid discharges from the use of radionuclides in medicine (diagnosis).;/pubmed/18243441;Barquero R, Agulla MM, Ruiz A.;"J Environ Radioact. 2008 Oct;99(10):1535-8. doi: 10.1016/j.jenvrad.2007.12.009. Epub 2008 Feb 20.";J Environ Radioact.  2008;J Environ Radioact. ;PubMed;citation;PMID:18243441;pubmed;18243441;create date:2008/02/05 | first author:Barquero R;2008/02/05;2008;Barquero R;Valladolid;Hospital Universitario R°o Hortega, E-47010 Valladolid
Liquid discharges from patients undergoing 131I treatments.;/pubmed/18243440;Barquero R, Basurto F, Nu§ez C, Esteban R.;"J Environ Radioact. 2008 Oct;99(10):1530-4. doi: 10.1016/j.jenvrad.2007.12.010. Epub 2008 Feb 20.";J Environ Radioact.  2008;J Environ Radioact. ;PubMed;citation;PMID:18243440;pubmed;18243440;create date:2008/02/05 | first author:Barquero R;2008/02/05;2008;Barquero R;Valladolid;Hospital Universitario R°o Hortega, E-47010 Valladolid
Comparison of dose calculation algorithms in slab phantoms with cortical bone equivalent heterogeneities.;/pubmed/17879796;Carrasco P, Jornet N, Duch MA, Panettieri V, Weber L, Eudaldo T, Ginjaume M, Ribas M.;"Med Phys. 2007 Aug;34(8):3323-33.";Med Phys.  2007;Med Phys. ;PubMed;citation;PMID:17879796;pubmed;17879796;create date:2007/09/21 | first author:Carrasco P;2007/09/21;2007;Carrasco P;Barcelona;Hospital de la Santa Creu i Sant Pau
The present status of medical physics education and training in Europe: an EFOMP survey.;/pubmed/18061501;Eudaldo T, Olsen K.;"Phys Med. 2008 Mar;24(1):3-20. Epub 2007 Dec 3. Review.";Phys Med.  2008;Phys Med. ;PubMed;citation;PMID:18061501;pubmed;18061501;create date:2007/12/07 | first author:Eudaldo T;2007/12/07;2007;Eudaldo T;Barcelona;Hospital de la Santa Creu i Sant Pau, Avda. Sant Antoni M(a) Claret, 167, 08025 Barcelona
High background radiation areas: the case of Villar de la Yegua village (Spain).;/pubmed/17449910;S†inz C, Quind¢s LS, Fern†ndez PL, G¢mez J, Fuente I, Quind¢s L, Matarranz JL.;"Radiat Prot Dosimetry. 2007;125(1-4):565-7. Epub 2007 Apr 22.";Radiat Prot Dosimetry.  2007;Radiat Prot Dosimetry. ;PubMed;citation;PMID:17449910;pubmed;17449910;create date:2007/04/24 | first author:S†inz C;2007/04/24;2007;S†inz C;Cantabria;University of Cantabria
Effect of the multiple scattering of electrons in Monte Carlo simulation of LINACS.;/pubmed/18086502;Vilches M, Garc°a-Pareja S, Guerrero R, Anguiano M, Lallena AM.;"Radiother Oncol. 2008 Jan;86(1):104-8. Epub 2007 Dec 20.";Radiother Oncol.  2008;Radiother Oncol. ;PubMed;citation;PMID:18086502;pubmed;18086502;create date:2007/12/19 | first author:Vilches M;2007/12/19;2007;Vilches M;Granada;ˇHospital Regional Universitario Virgen de las Nieves, Granada
Obtaining the intrinsic electron spectrum of linear accelerators using the relation between the current of the bending magnet and the absorbed dose in water.;/pubmed/18160159;de la Vega JM, Guirado D, Vilches M, Perdices JI, Lallena AM.;"Radiother Oncol. 2008 Jan;86(1):109-13. Epub 2007 Dec 21.";Radiother Oncol.  2008;Radiother Oncol. ;PubMed;citation;PMID:18160159;pubmed;18160159;create date:2007/12/28 | first author:de la Vega JM;2007/12/28;2007;de la Vega JM;Granada;Hosp. Univ. San Cecilio, Granada
Patient doses from fluoroscopically guided cardiac procedures in pediatrics.;/pubmed/17671333;Martinez LC, Vano E, Gutierrez F, Rodriguez C, Gilarranz R, Manzanas MJ.;"Phys Med Biol. 2007 Aug 21;52(16):4749-59. Epub 2007 Jul 24.";Phys Med Biol.  2007;Phys Med Biol. ;PubMed;citation;PMID:17671333;pubmed;17671333;create date:2007/08/03 | first author:Martinez LC;2007/08/03;2007;Martinez LC;Madrid;12 de Octubre University Hospital, Madrid
Patient dose management in digital radiography.;/pubmed/21614273;Vano E, Fernandez Soto J.;"Biomed Imaging Interv J. 2007 Apr;3(2):e26. doi: 10.2349/biij.3.2.e26. Epub 2007 Apr 1.";Biomed Imaging Interv J.  2007;Biomed Imaging Interv J. ;PubMed;citation;PMID:21614273 | PMCID:PMC3097663;pubmed;21614273;create date:2007/04/01 | first author:Vano E;2007/04/01;2007;Vano E;Madrid;San Carlos University Hospital
Transition from screen-film to digital radiography: evolution of patient radiation doses at projection radiography.;/pubmed/17356174;Va§o E, Fern†ndez JM, Ten JI, Prieto C, Gonz†lez L, Rodr°guez R, de las Heras H.;"Radiology. 2007 May;243(2):461-6. Epub 2007 Mar 13.";Radiology.  2007;Radiology. ;PubMed;citation;PMID:17356174;pubmed;17356174;create date:2007/03/16 | first author:Va§o E;2007/03/16;2007;Va§o E;Madrid;San Carlos University Hospital
Biological dosimetry and Bayesian analysis of chromosomal damage in thyroid cancer patients.;/pubmed/17951242;Serna A, Alcaraz M, Navarro JL, Acevedo C, Vicente V, Canteras M.;"Radiat Prot Dosimetry. 2008;129(4):372-80. Epub 2007 Oct 19.";Radiat Prot Dosimetry.  2008;Radiat Prot Dosimetry. ;PubMed;citation;PMID:17951242;pubmed;17951242;create date:2007/10/24 | first author:Serna A;2007/10/24;2007;Serna A;Murcia;Hospital Virgen de la Arrixaca, El Palmar, Murcia
Uncertainty estimation in intensity-modulated radiotherapy absolute dosimetry verification.;/pubmed/17448883;S†nchez-Doblado F, Hartmann GH, Pena J, Capote R, Paiusco M, Rhein B, Leal A, Lagares JI.;"Int J Radiat Oncol Biol Phys. 2007 May 1;68(1):301-10.";Int J Radiat Oncol Biol Phys.  2007;Int J Radiat Oncol Biol Phys. ;PubMed;citation;PMID:17448883;pubmed;17448883;create date:2007/04/24 | first author:S†nchez-Doblado F;2007/04/24;2007;S†nchez-Doblado F;Sevilla;Hospital Universitario Virgen Macarena, Servicio de Radiof°sica, Sevilla
A new method for output factor determination in MLC shaped narrow beams.;/pubmed/17568544;S†nchez-Doblado F, Hartmann GH, Pena J, Rosell¢ JV, Russiello G, Gonzalez-Casta§o DM.;"Phys Med. 2007 Jun;23(2):58-66. Epub 2007 May 2.";Phys Med.  2007;Phys Med. ;PubMed;citation;PMID:17568544;pubmed;17568544;create date:2007/06/15 | first author:S†nchez-Doblado F;2007/06/15;2007;S†nchez-Doblado F;Sevilla;Hospital Universitario Virgen Macarena, Servicio de Radiof°sica, Sevilla
PET/CT image registration: preliminary tests for its application to clinical dosimetry in radiotherapy.;/pubmed/17654893;Ba§os-Capilla MC, Garc°a MA, Bea J, Pla C, Larrea L, L¢pez E.;"Med Phys. 2007 Jun;34(6):1911-7.";Med Phys.  2007;Med Phys. ;PubMed;citation;PMID:17654893;pubmed;17654893;create date:2007/07/28 | first author:Ba§os-Capilla MC;2007/07/28;2007;Ba§os-Capilla MC;Valencia;Radiation Oncology Hospital Virgen del Consuelo, Callosa de Ensarria 12-Valencia
Analysis of the main factors affecting the evaluation of the radon dose in workplaces: the case of tourist caves.;/pubmed/17184916;Sainz C, Quind¢s LS, Fuente I, Nicol†s J, Quind¢s L.;"J Hazard Mater. 2007 Jul 16;145(3):368-71. Epub 2006 Nov 21.";J Hazard Mater.  2007;J Hazard Mater. ;PubMed;citation;PMID:17184916;pubmed;17184916;create date:2006/12/23 | first author:Sainz C;2006/12/23;2006;Sainz C;Cantabria;University of Cantabria
Six years experience in intracoronary brachytherapy procedures: patient doses from fluoroscopy.;/pubmed/16793849;Prieto C, Vano E, Fern†ndez JM, Galvan C, Sabate M, Gonzalez L, Martinez D.;"Br J Radiol. 2006 Sep;79(945):730-3. Epub 2006 Jun 22.";Br J Radiol.  2006;Br J Radiol. ;PubMed;citation;PMID:16793849;pubmed;16793849;create date:2006/06/24 | first author:Prieto C;2006/06/24;2006;Prieto C;Madrid;San Carlos University Hospital
Evaluation of risk of deterministic effects in fluoroscopically guided procedures.;/pubmed/16461530;Vano E, Gonzalez L, Guibelalde E, Aviles P, Fernandez JM, Prieto C, Galvan C.;"Radiat Prot Dosimetry. 2005;117(1-3):190-4. Epub 2006 Feb 3.";Radiat Prot Dosimetry.  2005;Radiat Prot Dosimetry. ;PubMed;citation;PMID:16461530;pubmed;16461530;create date:2006/02/08 | first author:Vano E;2006/02/08;2006;Vano E;Madrid;San Carlos University Hospital
Patient dosimetry and image quality in digital radiology from online audit of the X-ray system.;/pubmed/16461529;Vano E, Fernandez JM, Ten JI, Gonzalez L, Guibelalde E, Prieto C.;"Radiat Prot Dosimetry. 2005;117(1-3):199-203. Epub 2006 Feb 3.";Radiat Prot Dosimetry.  2005;Radiat Prot Dosimetry. ;PubMed;citation;PMID:16461529;pubmed;16461529;create date:2006/02/08 | first author:Vano E;2006/02/08;2006;Vano E;Madrid;San Carlos University Hospital
On the use of DICOM cine header information for optimisation: results from the 2002 European DIMOND cardiology survey.;/pubmed/16461506;Vano E, Padovani R, Bernardi G, Ten JI, Peterzol A, Dowling A, Bosmans H, Kottou S, Olivari Z, Faulkner K, Balter S.;"Radiat Prot Dosimetry. 2005;117(1-3):162-5. Epub 2006 Feb 3.";Radiat Prot Dosimetry.  2005;Radiat Prot Dosimetry. ;PubMed;citation;PMID:16461506;pubmed;16461506;create date:2006/02/08 | first author:Vano E;2006/02/08;2006;Vano E;Madrid;San Carlos University Hospital
Accreditation in radiation protection for cardiologists and interventionalists.;/pubmed/16464830;Vano E, Gonzalez L.;"Radiat Prot Dosimetry. 2005;117(1-3):69-73. Epub 2006 Feb 7.";Radiat Prot Dosimetry.  2005;Radiat Prot Dosimetry. ;PubMed;citation;PMID:16464830;pubmed;16464830;create date:2006/02/09 | first author:Vano E;2006/02/09;2006;Vano E;Madrid;San Carlos University Hospital
[Relative renal function based on DMSA uptake corrected for volume: normalized relative renal function].;/pubmed/16762270;Gimeno Olmos J, Mart° Vidal JF, Bello ArquÇs P, Herv†s Benito I, Torres T†rrega MJ, Mateo Navarro A.;"Rev Esp Med Nucl. 2006 May-Jun;25(3):166-71. Spanish. ";Rev Esp Med Nucl.  2006;Rev Esp Med Nucl. ;PubMed;citation;PMID:16762270;pubmed;16762270;create date:2006/06/10 | first author:Gimeno Olmos J;2006/06/10;2006;Gimeno Olmos J;Valencia;Hospital Universitario La Fe, Valencia
Pantak Therapax SXT 150: performance assessment and dose determination using IAEA TRS-398 protocol.;/pubmed/16046424;Jurado D, Eudaldo T, Carrasco P, Jornet N, Ruiz A, Ribas M.;"Br J Radiol. 2005 Aug;78(932):721-32.";Br J Radiol.  2005;Br J Radiol. ;PubMed;citation;PMID:16046424;pubmed;16046424;create date:2005/07/28 | first author:Jurado D;2005/07/28;2005;Jurado D;Barcelona;Hospital de la Santa Creu i Sant Pau, Barcelona
A survey of patient dose and clinical factors in a full-field digital mammography system.;/pubmed/15933140;Mor†n P, Chevalier M, Ten JI, Fern†ndez Soto JM, Va§¢ E.;"Radiat Prot Dosimetry. 2005;114(1-3):375-9.";Radiat Prot Dosimetry.  2005;Radiat Prot Dosimetry. ;PubMed;citation;PMID:15933140;pubmed;15933140;create date:2005/06/04 | first author:Mor†n P;2005/06/04;2005;Mor†n P;Madrid;ˇUniversidad Complutense de Madrid
Clinical impact of the detector size effect in 3D-CRT.;/pubmed/15763313;Garc°a-Vicente F, BÇjar MJ, PÇrez L, Torres JJ.;"Radiother Oncol. 2005 Mar;74(3):315-22. Epub 2004 Nov 25.";Radiother Oncol.  2005;Radiother Oncol. ;PubMed;citation;PMID:15763313;pubmed;15763313;create date:2005/03/15 | first author:Garc°a-Vicente F;2005/03/15;2005;Garc°a-Vicente F;Madrid;Hospital Universitario de la Princesa, Diego de Le¢n 62, 28006 Madrid,
Statistical analysis of dose-volume and dose-wall histograms for rectal toxicity following 3D-CRT in prostate cancer.;/pubmed/16193780;Garc°a-Vicente F, Zapatero A, Floriano A, Cruz-Conde A, Perez L, Mar°n A, M°nguez C, Torres JJ.;"Med Phys. 2005 Aug;32(8):2503-9.";Med Phys.  2005;Med Phys. ;PubMed;citation;PMID:16193780;pubmed;16193780;create date:2005/10/01 | first author:Garc°a-Vicente F;2005/10/01;2005;Garc°a-Vicente F;Madrid;Hospital Universitario de la Princesa, Madrid
Characterization of electron contamination in megavoltage photon beams.;/pubmed/15984680;Lopez Medina A, Teijeiro A, Garcia J, Esperon J, Terron JA, Ruiz DP, Carrion MC.;"Med Phys. 2005 May;32(5):1281-92.";Med Phys.  2005;Med Phys. ;PubMed;citation;PMID:15984680;pubmed;15984680;create date:2005/06/30 | first author:Lopez Medina A;2005/06/30;2005;Lopez Medina A;Pontevedra;Hospital do Meixoeiro, 36200, Vigo
Microionization chamber for reference dosimetry in IMRT verification: clinical implications on OAR dosimetric errors.;/pubmed/15798268;S†nchez-Doblado F, Capote R, Leal A, Rosell¢ JV, Lagares JI, Arr†ns R, Hartmann GH.;"Phys Med Biol. 2005 Mar 7;50(5):959-70. Epub 2005 Feb 17.";Phys Med Biol.  2005;Phys Med Biol. ;PubMed;citation;PMID:15798268;pubmed;15798268;create date:2005/03/31 | first author:S†nchez-Doblado F;2005/03/31;2005;S†nchez-Doblado F;Sevilla;Hospital Universitario Virgen Macarena, Radiof°sica, Sevilla
Micro ionization chamber dosimetry in IMRT verification: clinical implications of dosimetric errors in the PTV.;/pubmed/15967525;S†nchez-Doblado F, Capote R, Rosell¢ JV, Leal A, Lagares JI, Arr†ns R, Hartmann GH.;"Radiother Oncol. 2005 Jun;75(3):342-8.";Radiother Oncol.  2005;Radiother Oncol. ;PubMed;citation;PMID:15967525;pubmed;15967525;create date:2005/06/22 | first author:S†nchez-Doblado F;2005/06/22;2005;S†nchez-Doblado F;Sevilla;Hospital Universitario Virgen Macarena, Radiof°sica, Sevilla
Additional dose constraints for analytical beam weighting optimization in IMRT.;/pubmed/15885829;Arr†ns R, Gallardo MI, Rosell¢ J, S†nchez-Doblado F.;"Radiother Oncol. 2005 May;75(2):224-6.";Radiother Oncol.  2005;Radiother Oncol. ;PubMed;citation;PMID:15885829;pubmed;15885829;create date:2005/05/12 | first author:Arr†ns R;2005/05/12;2005;Arr†ns R;Sevilla;Hospital Virgen Macarena, Sevilla
Monte Carlo calculation of radiation dose in CT examinations using phantom and patient tomographic models.;/pubmed/15933138;Salvad¢ M, L¢pez M, Morant JJ, Calzado A.;"Radiat Prot Dosimetry. 2005;114(1-3):364-8.";Radiat Prot Dosimetry.  2005;Radiat Prot Dosimetry. ;PubMed;citation;PMID:15933138;pubmed;15933138;create date:2005/06/04 | first author:Salvad¢ M;2005/06/04;2005;Salvad¢ M;Tarragona;Universitat Rovira i Virgili, 43201 Reus
Assessment by cytogenetic analysis of the radioprotection properties of propolis extract.;/pubmed/16381767;Montoro A, Almonacid M, Serrano J, Saiz M, Barquinero JF, Barrios L, Verd£ G, PÇrez J, Villaescusa JI.;"Radiat Prot Dosimetry. 2005;115(1-4):461-4.";Radiat Prot Dosimetry.  2005;Radiat Prot Dosimetry. ;PubMed;citation;PMID:16381767;pubmed;16381767;create date:2005/12/31 | first author:Montoro A;2005/12/31;2005;Montoro A;Valencia;Hospital la Fe, Av/Campanar no. 21, Valencia
Biological dosimetry in a group of radiologists by the analysis of dicentrics and translocations.;/pubmed/16238438;Montoro A, Rodr°guez P, Almonacid M, Villaescusa JI, Verd£ G, Caball°n MR, Barrios L, Barquinero JF.;"Radiat Res. 2005 Nov;164(5):612-7.";Radiat Res.  2005;Radiat Res. ;PubMed;citation;PMID:16238438;pubmed;16238438;create date:2005/10/22 | first author:Montoro A;2005/10/22;2005;Montoro A;Valencia;Hospital la Fe, Av/Campanar no. 21, Valencia
Natural radiation exposure in the Campo Ara§uelo region in the surroundings of Almaraz nuclear power station (Spain).;/pubmed/15607520;Poncela LS, Navarro PL, Fern†ndez CS, Matarranz JL, Garc°a JA.;"J Environ Radioact. 2005;79(3):347-54.";J Environ Radioact.  2005;J Environ Radioact. ;PubMed;citation;PMID:15607520;pubmed;15607520;create date:2004/12/21 | first author:Poncela LS;2004/12/21;2004;Poncela LS;Cantabria;University of Cantabria
Analysis and evaluation of periodic physiological organ motion in radiotherapy treatments.;/pubmed/15588878;D°ez S, Garc°a J, Sendra F.;"Radiother Oncol. 2004 Dec;73(3):325-9.";Radiother Oncol.  2004;Radiother Oncol. ;PubMed;citation;PMID:15588878;pubmed;15588878;create date:2004/12/14 | first author:D°ez S;2004/12/14;2004;D°ez S;Valencia;Hospital Cl°nico Universitario de Valencia
